corridor,law,versus,pairs,asymmetry_index_law,asymmetry_index_free,asymmetry_index_difference,asymmetry_index_difference_low,asymmetry_index_difference_high,accelerating_share_law,accelerating_share_free,accelerating_share_difference,accelerating_share_difference_low,accelerating_share_difference_high,decelerating_share_law,decelerating_share_free,decelerating_share_difference,decelerating_share_difference_low,decelerating_share_difference_high,peak_frequency_law,peak_frequency_free,peak_frequency_difference,peak_frequency_difference_low,peak_frequency_difference_high,centroid_law,centroid_free,centroid_difference,centroid_difference_low,centroid_difference_high,band_rms_law,band_rms_free,band_rms_difference,band_rms_difference_low,band_rms_difference_high,closer_asymmetry_index,closer_asymmetry_index_low,closer_asymmetry_index_high,closer_peak_frequency,closer_peak_frequency_low,closer_peak_frequency_high,closer_centroid,closer_centroid_low,closer_centroid_high,index_changed,index_closer
I-80,mlp_penalty,mlp,30,0.3503197558138645,0.3587106474370992,-0.0083908916232347,-0.0271187650849841,0.0109377197380708,0.576825400532488,0.5906211808795719,-0.0137957803470839,-0.022538788496449,-0.0048199762250323,0.138224175152896,0.1619366168861419,-0.0237124417332459,-0.0285363818553643,-0.0190610284199086,0.0078125,0.0078125,0.0,0.0,0.0,0.0155239474176214,0.0155508204040884,-2.687298646690435e-05,-0.0010480167405507,0.0010169566302767,1.1360212355048198,0.837313508370773,0.2987077271340467,0.2137788851784418,0.3829286633423125,0.0077981386491794,-0.0119267830747656,0.0270705493899008,0.0,0.0,0.0,-0.0080285259735532,-0.0568444018512171,0.0391911087477064,False,no difference
I-80,gru_penalty,gru,30,0.410423580227722,0.3770002821852134,0.0334232980425086,0.0195732687279521,0.0498126434773811,0.588383824167072,0.5600676064580971,0.028316217708975,0.0105165494999265,0.0475944023795035,0.2218173819744414,0.1944674027139775,0.0273499792604638,0.016715761616062,0.0374160423637506,0.0078125,0.0078125,0.0,0.0,0.0,0.014902135689164,0.0146649408965023,0.0002371947926616,-0.000544799143163,0.000966765319278,1.1341305821700305,0.8915463621142901,0.2425842200557402,0.1867234018796068,0.3132509054041953,-0.0347909976522341,-0.0516898039008947,-0.0205438213865784,0.0,0.0,0.0,-0.012838256643368,-0.0491518707220291,0.0268724127912366,True,closer
I-80,lstm_penalty,lstm,30,0.6977212789257528,0.6103803224114266,0.087340956514326,0.0526622046694104,0.1216340816271127,0.1388186553001955,0.1745029781886557,-0.0356843228884602,-0.0994425732151881,0.0281591243546649,0.1045155191894194,0.1227046892108628,-0.0181891700214434,-0.0556624302370419,0.0184079032531127,0.0078125,0.0078125,0.0,0.0,0.0,0.0159238921258803,0.0157916401757828,5.636840251031341e-05,-0.0024939213115085,0.0025951112454164,1.6707513865949837,1.3061581986145725,0.3164541511138518,-0.4357067642713733,0.8869980351049622,-0.0896998040092394,-0.1249580074031955,-0.0537453148219579,0.0,0.0,0.0,-0.0199448246977893,-0.1058213588544426,0.0571267143260509,True,closer
I-80,residual_idm_certified,residual_idm,30,1.2810969120633708,0.6513188324450566,0.6297780796183142,0.6163432924408988,0.6421986089271052,0.2890733482155874,0.426822016007991,-0.1377486677924035,-0.1425293303551001,-0.1327398886533789,0.4292853394291268,0.3338127778341178,0.0954725615950089,0.0919367705285463,0.0985932698276996,0.0078125,0.0078125,0.0,0.0,0.0,0.0208403036045917,0.0170979313282983,0.0037423722762934,0.0031406116242494,0.0043195195074044,1.1026062648082182,0.9816290626281428,0.120977202180075,0.0831513384608839,0.1582917105000441,-0.010332001399345,-0.0492816621140019,0.0277573979601468,0.0,0.0,0.0,-0.0617012338282811,-0.0908426752888679,-0.0298981125672128,True,no difference
I-80,residual_idm_certified,residual_idm_free_r0.3,30,1.2810969120633708,0.6253997884988661,0.6556971235645046,0.6392235664083165,0.6715173336770627,0.2890733482155874,0.4500456741960317,-0.1609723259804441,-0.16610730889706,-0.1558332417026269,0.4292853394291268,0.3425084303779782,0.0867769090511485,0.0831009742449579,0.090400847680806,0.0078125,0.0078125,0.0,0.0,0.0,0.0208403036045917,0.0181516015401794,0.0026887020644123,0.0021170668372955,0.0032690091605266,1.1026062648082182,1.1615216192617015,-0.0589153544534835,-0.1060661312168743,-0.0099434300962968,-0.0369740454145243,-0.0721581780720139,-0.0046573439565694,0.0,0.0,0.0,-0.007102010277969,-0.0357849571280955,0.0232671866461062,True,closer
US-101,mlp_penalty,mlp,30,0.2826777865286398,0.2737008777850913,0.0089769087435485,-0.0093955774517704,0.0298734964093621,0.5942627104509063,0.6493738092219975,-0.0551110987710913,-0.0854477288142191,-0.0257306464984479,0.1010678774714096,0.1193238715996989,-0.0182559941282892,-0.0256782190306646,-0.0103903869183559,0.0078125,0.0078125,0.0,0.0,0.0,0.0120061051378007,0.0121863393856267,-0.000180234247826,-0.0008015954110085,0.0005231862468758,1.3305046463410126,0.8584895257740488,0.4720151205669639,0.376357316120637,0.5670077488107214,-0.0093324410531014,-0.0300788306164529,0.0087325216891239,0.0,0.0,0.0,-0.0277575372700475,-0.0746506401132525,0.0229915534041375,False,no difference
US-101,gru_penalty,gru,30,0.3436478141729254,0.3191735813926644,0.0244742327802609,-0.0070539782211719,0.0503256280090868,0.6467217103664269,0.5870299890588313,0.0596917213075953,0.0227451556842787,0.1026070800331833,0.1909606368045559,0.1724306234288818,0.0185300133756741,0.0107735857839851,0.0261796930562858,0.0078125,0.0078125,0.0,0.0,0.0,0.0127633748102372,0.0130767214978029,-0.0003133466875657,-0.000624821362259,-1.7493950044671476e-05,1.2626078883878589,1.0036270962128726,0.2589807921749861,0.1814904234247056,0.3315050729246651,-0.0239492889676916,-0.0494657064709511,0.0073127041236292,0.0,0.0,0.0,-0.0267229711408794,-0.0531555772409075,-0.0014356118862401,False,no difference
US-101,lstm_penalty,lstm,30,0.6856813028835502,0.6185631485194497,0.0671181543641004,0.0394786872888571,0.0951218470939123,0.1654398886873481,0.2033974459175828,-0.0379575572302345,-0.0731517219667128,-0.0023326280605084,0.1218327914516443,0.1469000655110647,-0.0250672740594203,-0.0437461795677089,-0.0056508927035642,0.0078125,0.0078125,0.0,0.0,0.0,0.0143683634744099,0.0147818499407594,0.000133317512204,-0.0006706022737182,0.0010024964343411,1.1724844937189416,0.9827617099325086,0.180826756437943,0.1206363580663584,0.240538862378845,-0.0663558824994004,-0.0941787249868086,-0.0388392696027814,0.0,0.0,0.0,0.0118073410845141,-0.0574154130512282,0.0864347427434383,True,closer
US-101,residual_idm_certified,residual_idm,30,1.4883799992683904,0.4959218258444798,0.9924581734239104,0.9753585530429412,1.0098775354631224,0.318761008486715,0.5988248194050525,-0.2800638109183374,-0.2930170724906882,-0.2675837903395247,0.5088535919448,0.2627349945009645,0.2461185974438356,0.2264046549613822,0.2659962362944896,0.0078125,0.0078125,0.0,0.0,0.0,0.0116095159278087,0.0102787984503915,0.0013307174774172,0.0012377326133684,0.0014188246748156,1.589931578406944,1.415618817848863,0.1743127605580807,0.1517539172071606,0.1994214281836245,-0.0376422159021349,-0.0722479542861767,-0.0056731865186932,0.0,0.0,0.0,-0.0934980636124769,-0.1024399277944714,-0.0841695573375919,True,closer
US-101,residual_idm_certified,residual_idm_free_r0.3,30,1.4883799992683904,0.5250832154409506,0.9632967838274398,0.9548015995477536,0.9716451510559816,0.318761008486715,0.5787114499273552,-0.2599504414406401,-0.2676845550265678,-0.2524821450924095,0.5088535919448,0.2773450472303895,0.2315085447144105,0.2186707958254935,0.2449716657179974,0.0078125,0.0078125,0.0,0.0,0.0,0.0116095159278087,0.0110163795925436,0.000593136335265,0.0004465324591986,0.0007634407259226,1.589931578406944,1.487634323251089,0.1022972551558552,0.0695020396631366,0.1308366966354753,-0.008197162469417,-0.0349037239728261,0.0151914605036835,0.0,0.0,0.0,-0.0348170972811283,-0.0496208507259371,-0.0202158488250074,True,no difference
