experiment,design,data,r_max,runs,speeds,cells,exact_min,scan_min,max_abs_diff,holds_differ,worst_at_upper_end,worst_at_lower_end,worst_inside,runs_holding_exact,runs_holding_scan,sweep_speeds,sweep_min,runs_holding_sweep,sweep_holds_all,limit_margin_min,within_share,s_low_unclamped_min,s_high_unclamped_max,outside,rescan_max_abs_diff
e4_stable_r0.1,"core with margin 0.2, certified budget (D111)",follownet_highd,0.1,25,26,650,0.0149917771511953,0.0149917771511953,0.0,0,1.0,0.0,0.0,25,25,2501,0.0149917771511953,25,True,0.6393873459933674,1.0,7.842781132849953,51.77120956371424,,0.0
e4_stable_ft_r0.1,"core with margin 0.2, certified budget, fine-tuned (D111)",ngsim_i80,0.1,25,26,650,0.0149922192546423,0.0149922192546423,0.0,0,1.0,0.0,0.0,25,25,2501,0.0149922192546423,25,True,0.6393873459933674,1.0,7.842781132849953,51.77120956371424,,0.0
e4_stable_r0.2,"core with margin 0.2, certified budget (D111)",follownet_highd,0.2,25,26,650,0.0109434344887131,0.0109434344887131,0.0,0,1.0,0.0,0.0,25,25,2501,0.0109434344887131,25,True,0.5393873459933674,1.0,7.617551326621236,56.32883743214291,,0.0
e4_stable_ft_r0.2,"core with margin 0.2, certified budget, fine-tuned (D111)",ngsim_i80,0.2,25,26,650,0.0109437044944847,0.0109437044944847,0.0,0,1.0,0.0,0.0,25,25,2501,0.0109437044944847,25,True,0.5393873459933674,1.0,7.617551326621236,56.32883743214291,,0.0
e4_stable,"core with margin 0.2, certified budget (D86)",follownet_highd,0.3,25,26,650,0.0073837899160779,0.0073837899160779,0.0,0,1.0,0.0,0.0,25,25,2501,0.0073837899160779,25,True,0.4393873459933674,1.0,7.410674308402643,62.35011963950832,,0.0
e4_stable_ft,"core with margin 0.2, certified budget, fine-tuned (D86)",ngsim_i80,0.3,25,26,650,0.0073843262690718,0.0073843262690718,0.0,0,1.0,0.0,0.0,25,25,2501,0.0073843262690718,25,True,0.4393873459933674,1.0,7.410674308402643,62.35011963950832,,0.0
e4_stable_r0.5,"core with margin 0.2, certified budget (D111)",follownet_highd,0.5,25,26,650,0.0017180067762826,0.0017180067762826,0.0,0,1.0,0.0,0.0,25,25,2501,0.0017180067762826,25,True,0.2393873459933674,1.0,7.042927021519728,84.37478274468687,,0.0
e4_stable_ft_r0.5,"core with margin 0.2, certified budget, fine-tuned (D111)",ngsim_i80,0.5,25,26,650,0.001718669834495,0.001718669834495,0.0,0,1.0,0.0,0.0,25,25,2501,0.001718669834495,25,True,0.2393873459933674,1.0,7.042927021519728,84.37478274468687,,0.0
m8_temporal_stable_ft,"core with margin 0.2, certified budget, fine-tuned on I-80 period 0 (D120)",ngsim_i80_p0,0.3,5,26,130,0.0106879702555693,0.0106879702555693,0.0,0,1.0,0.0,0.0,5,5,2501,0.0106879702555693,5,True,0.4393873459933674,1.0,7.410674308402643,62.35011963950832,,0.0
e4_margin_free_r0.3,"core with margin 0.2, no certificate (variant D)",follownet_highd,0.3,25,26,650,-0.1093031671063463,-0.1093031671063463,0.0,0,1.0,0.0,0.0,0,0,2501,-0.1093031671063463,0,False,0.4393873459933674,1.0,7.410674308402643,62.35011963950832,,0.0
e4_margin_free_r0.3_ft,"core with margin 0.2, no certificate, fine-tuned (variant D)",ngsim_i80,0.3,25,26,650,-0.1093018599162637,-0.1093018599162637,0.0,0,1.0,0.0,0.0,0,0,2501,-0.1093018599162637,0,False,0.4393873459933674,1.0,7.410674308402643,62.35011963950832,,0.0
e4_free_r0.3,"free core, no certificate (D111)",follownet_highd,0.3,25,26,650,-0.3370738273993083,-0.3370738273993083,1.9428902930940242e-16,0,0.1615384615384615,0.3692307692307692,0.4692307692307692,0,0,2501,-0.3370738273993083,0,False,-0.357015760787618,0.5153846153846153,3.829405049142977,inf,"upper end infinite at 17 m/s (5 runs), 18 m/s (10 runs), 19-30 m/s (all runs)",0.0
e4_free_r0.3_ft,"free core, no certificate, fine-tuned (D111)",ngsim_i80,0.3,25,26,650,-0.3369318658332578,-0.3369318658332578,1.9428902930940242e-16,0,0.1615384615384615,0.3692307692307692,0.4692307692307692,0,0,2501,-0.3369318658332578,0,False,-0.357015760787618,0.5153846153846153,3.829405049142977,inf,"upper end infinite at 17 m/s (5 runs), 18 m/s (10 runs), 19-30 m/s (all runs)",0.0
e4_free_ft,"free core of E1, no certificate, fine-tuned",ngsim_i80,1.0,25,26,650,-0.876302400679598,-0.8763024006795977,5.551115123125784e-16,0,0.0,0.3338461538461538,0.6661538461538462,0,0,2501,-0.876302400679598,0,False,-1.057015760787618,0.0,2.635488441239457,inf,upper end infinite at 5-30 m/s (all runs),0.0
m4_e4pilot_r0.1,"pilot of D86, core with margin 0.2, certified budget",follownet_highd,0.1,1,26,26,0.0217125636322916,0.0217125636322916,0.0,0,1.0,0.0,0.0,1,1,2501,0.0217125636322916,1,True,0.6415014304655234,1.0,7.842781132849953,50.88812605109695,,0.0
m4_e4pilot_r0.2,"pilot of D86, core with margin 0.2, certified budget",follownet_highd,0.2,1,26,26,0.0158419485221175,0.0158419485221175,0.0,0,1.0,0.0,0.0,1,1,2501,0.0158419485221175,1,True,0.5415014304655235,1.0,7.617551326621236,55.38797261178229,,0.0
m4_e4pilot_r0.3,"pilot of D86, core with margin 0.2, certified budget",follownet_highd,0.3,1,26,26,0.0106870761271128,0.0106870761271128,0.0,0,1.0,0.0,0.0,1,1,2501,0.0106870761271128,1,True,0.4415014304655234,1.0,7.410674308402643,61.34076888063236,,0.0
m8_smoke,smoke test of m8_temporal_stable_ft (2 epochs),ngsim_i80_p0,0.3,1,26,26,0.0106565769233234,0.0106565769233234,0.0,0,1.0,0.0,0.0,1,1,2501,0.0106565769233234,1,True,0.4415014304655234,1.0,7.410674308402643,61.34076888063236,,0.0
