corridor,law,runs,runs_expected,scenario_set,runs_with_contacts,collision_episodes,collision_episodes_low,collision_episodes_high,vehicles_in_contact_share,vehicles_in_contact_share_low,vehicles_in_contact_share_high,vehicles_in_contact,vehicles_in_contact_low,vehicles_in_contact_high,n_vehicles_window,n_vehicles_window_low,n_vehicles_window_high,vehicle_km,vehicle_km_low,vehicle_km_high,vehicle_km_ratio,vehicle_km_ratio_low,vehicle_km_ratio_high,collisions_per_1000_vkm,collisions_per_1000_vkm_low,collisions_per_1000_vkm_high,rate_pooled,rate_pooled_low,rate_pooled_high,n_planned_window,n_planned_window_low,n_planned_window_high,inserted_share,inserted_share_low,inserted_share_high,shortfall_window,shortfall_window_low,shortfall_window_high,n_planned_run,n_planned_run_low,n_planned_run_high,shortfall_run,shortfall_run_low,shortfall_run_high,depart_delay_window,depart_delay_window_low,depart_delay_window_high,depart_delay_run,depart_delay_run_low,depart_delay_run_high
I-80,idm_global,30.0,30.0,all,0.0,0.0,0.0,0.0,0.0,0.0,0.0,0.0,0.0,0.0,1530.7666666666669,1509.5283333333332,1554.435,647.0068471890801,633.9545630867758,661.3870760928456,0.9940229960020788,0.988102266817582,0.9997513491846776,0.0,0.0,0.0,0.0,0.0,0.0,1405.6666666666667,1380.5333333333333,1431.2,1.0,1.0,1.0,0.0,0.0,0.0,1892.6666666666667,1855.121666666667,1934.8266666666664,0.0,0.0,0.0,0.243489573999182,0.1948350591390685,0.2965402784859134,0.2230376423953226,0.1915131391894862,0.2580117472577909
I-80,idm_heterogeneous,30.0,30.0,all,0.0,0.0,0.0,0.0,0.0,0.0,0.0,0.0,0.0,0.0,1460.4666666666667,1448.4,1474.6,619.2416864804327,610.2203776499194,629.0258524697308,0.95230394376503,0.9444485822149178,0.9604987384670302,0.0,0.0,0.0,0.0,0.0,0.0,1405.6666666666667,1380.5333333333333,1431.2,1.0,1.0,1.0,0.0,0.0,0.0,1892.6666666666667,1855.121666666667,1934.8266666666664,3.933333333333333,1.2991666666666677,6.934999999999999,29.400023973653568,26.538070056324305,32.29229161387164,23.80313412617985,21.78148154665399,25.8334585512095
I-80,knn,30.0,30.0,all,30.0,777.4,753.1566666666666,801.1608333333334,0.7048103411323022,0.6776416050783916,0.7345222336381944,661.7666666666667,637.4583333333334,686.7333333333333,939.9,928.6333333333332,950.5016666666668,364.1010582885658,358.8405353569381,369.44707575254574,0.5607251265567078,0.5484663339557222,0.5726907934977516,2140.502571978668,2060.864662195585,2219.7314966556905,2135.1215062491715,2056.835636775289,2213.902660694899,1405.6666666666667,1380.5333333333333,1431.2,0.6769394052393511,0.6567151885196952,0.6974313747784303,455.56666666666666,423.53333333333336,487.03333333333336,1892.6666666666667,1855.121666666667,1934.8266666666664,589.5,556.2616666666667,626.2391666666667,220.49609770318,213.5822254020292,227.34361025890345,166.4337713822301,161.87865169810283,171.13393984139034
I-80,mlp,30.0,30.0,all,30.0,486.9333333333333,461.29833333333335,513.9391666666667,0.3542590278035567,0.3318277587927321,0.3763124019035419,463.23333333333335,434.365,493.8683333333333,1308.9666666666667,1291.3991666666668,1327.1358333333335,534.4888488086924,523.6081784853708,545.2849460406374,0.8220244997918658,0.8083087512740269,0.8378284322689247,912.5080925554284,861.3155603750682,960.6725992871808,911.0261784107296,859.4486605262737,959.1782298998518,1405.6666666666667,1380.5333333333333,1431.2,0.9923319761603744,0.9892296943974096,0.9950166598699288,10.899999999999991,7.065833333333319,15.367500000000003,1892.6666666666667,1855.121666666667,1934.8266666666664,82.46666666666667,69.26416666666667,95.8,92.08116757657986,87.54431162544839,96.07647180198283,75.67858610808948,70.89704446477596,80.03256896065987
I-80,pidl,30.0,30.0,all,30.0,973.2333333333332,902.3975,1047.405,0.6301406546335815,0.5792398984840915,0.6795878490974505,835.9333333333333,782.5875000000001,889.9725000000001,1340.9,1316.694166666667,1365.2558333333334,550.3740949857056,537.7834469166742,563.7435411940559,0.8477088502029135,0.8244612634650079,0.8738766497215295,1800.6525203357362,1628.0864023912388,1980.362099894948,1768.312393697618,1603.4348174903946,1947.93322122072,1405.6666666666667,1380.5333333333333,1431.2,0.9925625622088184,0.9873695689657118,0.9968518242336364,10.933333333333332,4.665,18.667500000000008,1892.6666666666667,1855.121666666667,1934.8266666666664,67.93333333333334,48.66666666666666,88.03833333333333,77.87946027625155,72.55398826007658,83.71068104652245,64.63458443465566,59.85476976262801,69.48787250502993
I-80,gru,30.0,30.0,all,30.0,128.3,103.56583333333332,155.87083333333334,0.0829393976090186,0.0667937574796039,0.1009484561289621,123.8,99.59416666666668,151.235,1491.7333333333331,1468.6666666666667,1512.1358333333335,620.0112249733736,607.6775534389486,631.2467210445109,0.9545388060939352,0.9317185239220108,0.9728270211849206,205.96827032829577,168.19895668146904,248.96599814538524,206.9317374141248,168.30647758275143,249.81231294584111,1405.6666666666667,1380.5333333333333,1431.2,0.988740889399604,0.9781463738326832,0.9964819999892104,16.933333333333334,5.233333333333334,32.803333333333335,1892.6666666666667,1855.121666666667,1934.8266666666664,27.3,10.698333333333334,49.70833333333333,32.788371179085544,24.589331872009325,42.52400180259471,27.026773836351,20.583919030225225,34.896927569421855
I-80,lstm,30.0,30.0,all,30.0,458.23333333333335,394.39416666666665,516.925,0.4059757826175655,0.3667035411114699,0.4440689638955482,235.03333333333333,201.9825,266.55333333333334,597.4666666666667,518.3583333333333,679.18,178.97749099093332,140.06921305848593,219.8629743554341,0.2759965704461823,0.2141706592726712,0.3388812620472787,4664.165336592964,3293.5369135197966,6246.48784171395,2560.2847084080904,2112.079533068376,3132.052397329964,1405.6666666666667,1380.5333333333333,1431.2,0.3347765826260878,0.2597947021577449,0.4109760819073214,936.3333333333334,827.9325,1044.9375,1892.6666666666667,1855.121666666667,1934.8266666666664,1083.0,956.9308333333332,1207.7266666666667,188.3622219341925,160.23260273604865,217.46873501996197,137.36399445259198,118.48162322691742,159.64019782627946
I-80,perl,30.0,30.0,all,30.0,7214.1,6991.519166666667,7428.669166666667,0.9123010754243376,0.9043906609472584,0.9193601230110522,1368.1,1349.7658333333334,1387.2666666666669,1499.3,1487.3,1512.069166666667,618.0617587581966,614.0836305417432,622.3321209338637,0.9518348396554276,0.9370016967136056,0.9659831430015704,11683.26158432883,11293.911061710076,12058.18985570072,11672.134536351992,11279.50895589072,12047.838843583366,1405.6666666666667,1380.5333333333333,1431.2,0.989001821670506,0.983053838186026,0.9942440876631724,16.566666666666666,8.666666666666666,25.534166666666668,1892.6666666666667,1855.121666666667,1934.8266666666664,35.0,21.891666666666676,50.80083333333333,37.62289793359874,32.64531419457425,42.73694174337122,31.701930737395045,27.901191948290304,35.7239794568725
I-80,residual_idm,30.0,30.0,all,0.0,0.0,0.0,0.0,0.0,0.0,0.0,0.0,0.0,0.0,1531.5666666666666,1511.0325,1552.8341666666663,645.6112864970531,631.4847820954665,660.0638129190465,0.9917105250554864,0.9867611567039976,0.9966866229240174,0.0,0.0,0.0,0.0,0.0,0.0,1405.6666666666667,1380.5333333333333,1431.2,1.0,1.0,1.0,0.0,0.0,0.0,1892.6666666666667,1855.121666666667,1934.8266666666664,0.0,0.0,0.0,0.3793567833272415,0.2631515388215263,0.4982521828116107,0.315526659146131,0.2298514985900598,0.4051991839167088
I-80,residual_idm_certified,30.0,30.0,all,0.0,0.0,0.0,0.0,0.0,0.0,0.0,0.0,0.0,0.0,1513.5,1488.8958333333337,1540.735,640.1627655334602,626.4978007526432,655.7674200085041,0.9832839500370892,0.976387382330154,0.9902343013831651,0.0,0.0,0.0,0.0,0.0,0.0,1405.6666666666667,1380.5333333333333,1431.2,1.0,1.0,1.0,0.0,0.0,0.0,1892.6666666666667,1855.121666666667,1934.8266666666664,0.0,0.0,0.0,0.2396156287039803,0.1731526391851683,0.3089652535544139,0.2348095662410369,0.1709888224489487,0.3016033706151829
I-80,mlp_penalty,30.0,30.0,all,30.0,907.5,858.2691666666667,954.9716666666668,0.5993304325872054,0.5616575872322195,0.6360044719689728,831.1,787.9633333333334,871.9224999999999,1394.5666666666666,1375.4275,1414.0716666666667,575.6877064722381,566.0145959005271,584.4978650360707,0.8870565996444899,0.8643906003377927,0.909710689356219,1588.4532398807348,1483.237110206718,1697.8563963016156,1576.3755067153984,1470.6812233643889,1685.9641641927053,1405.6666666666667,1380.5333333333333,1431.2,0.9973647818760868,0.9957310329573104,0.998687952158221,3.933333333333327,1.9649999999999956,6.400833333333321,1892.6666666666667,1855.121666666667,1934.8266666666664,38.13333333333333,25.66416666666667,51.438333333333325,55.53987463402704,48.55353325645805,62.99690830780639,46.60807128956597,40.60707356020256,52.83797030950536
I-80,gru_penalty,30.0,30.0,all,30.0,452.26666666666665,420.8566666666667,484.7416666666667,0.2390654604991491,0.2241677387231345,0.2553555791103307,351.56666666666666,324.65833333333336,379.31,1462.3,1414.6608333333334,1503.638333333333,619.230801151063,594.751130700301,639.9785177023406,0.951440732888787,0.918949447350346,0.9777547389655532,730.5794706394743,685.6893338989463,777.0852263236771,730.3684923714494,685.5265454657924,776.975747713123,1405.6666666666667,1380.5333333333333,1431.2,0.9884326958231984,0.9734454075295754,0.997791129137001,16.099999999999998,3.165833333333333,36.64249999999999,1892.6666666666667,1855.121666666667,1934.8266666666664,25.566666666666663,8.066666666666666,52.20749999999996,45.54033043797653,28.297250495171248,66.32449946458813,39.58798452061656,24.33339666956012,58.34307205793283
I-80,lstm_penalty,30.0,30.0,all,30.0,748.3666666666667,599.6325,896.0133333333333,0.569581713899551,0.5267822713384758,0.612477728838357,325.1666666666667,264.11583333333334,388.4683333333333,568.9,464.7016666666667,683.8983333333333,156.0261573261077,109.37204136935836,208.81293424099488,0.2410947929748085,0.1676588875002504,0.3222802446958502,8041.714665882814,5640.841349081442,11400.164300163102,4796.417982034371,4065.461726173559,5882.23426276396,1405.6666666666667,1380.5333333333333,1431.2,0.2954043975380797,0.2085424416312653,0.3884316071868898,991.4666666666668,863.2,1113.1416666666669,1892.6666666666667,1855.121666666667,1934.8266666666664,1155.4333333333334,1006.6833333333336,1296.9225,152.26909295701392,125.5095396146857,176.52951030247036,128.54658547345431,105.33201426826872,150.814309367118
I-80,idm_heterogeneous_all,30.0,30.0,all,0.0,0.0,0.0,0.0,0.0,0.0,0.0,0.0,0.0,0.0,1334.9,1321.4975,1348.4725,559.8003945163738,551.1829804168974,569.3021675123365,0.8611219933712912,0.8489870611337266,0.87316465054509,0.0,0.0,0.0,0.0,0.0,0.0,1405.6666666666667,1380.5333333333333,1431.2,0.980566442084292,0.9741383254676844,0.9868048505091934,28.19999999999999,19.064999999999987,37.835833333333305,1892.6666666666667,1855.121666666667,1934.8266666666664,56.833333333333336,41.62833333333334,73.56833333333333,77.26950862329925,73.29920510776893,80.77950466305184,61.7366392978205,58.55499547368369,64.53662265268802
I-80,residual_idm_certified_het,30.0,30.0,all,0.0,0.0,0.0,0.0,0.0,0.0,0.0,0.0,0.0,0.0,1509.7333333333331,1489.9666666666667,1532.6675,634.5316764523047,621.9521212454146,649.3909566559346,0.9749037254448732,0.9678120941144978,0.9817835485473664,0.0,0.0,0.0,0.0,0.0,0.0,1405.6666666666667,1380.5333333333333,1431.2,1.0,1.0,1.0,0.0,0.0,0.0,1892.6666666666667,1855.121666666667,1934.8266666666664,0.0,0.0,0.0,13.472551436660874,12.436590331693845,14.50259492542791,11.358003432285392,10.54093368676061,12.220890626632835
I-80,residual_idm_certified_r0.1,30.0,30.0,all,0.0,0.0,0.0,0.0,0.0,0.0,0.0,0.0,0.0,0.0,1510.2,1485.2616666666663,1536.9733333333334,642.4954455259772,629.0030700950733,658.042250553558,0.9869553686357484,0.9797008073585256,0.9942520169647536,0.0,0.0,0.0,0.0,0.0,0.0,1405.6666666666667,1380.5333333333333,1431.2,1.0,1.0,1.0,0.0,0.0,0.0,1892.6666666666667,1855.121666666667,1934.8266666666664,0.0,0.0,0.0,0.0438871874614827,0.0360476273929069,0.0534438575317993,0.039909406797992,0.0341751267675767,0.0470437948106595
I-80,residual_idm_certified_r0.2,30.0,30.0,all,0.0,0.0,0.0,0.0,0.0,0.0,0.0,0.0,0.0,0.0,1512.5,1487.6983333333335,1539.0408333333332,641.8337453055318,628.1764502312948,657.3427903407569,0.9858927190233714,0.9788546071334806,0.9928563036724628,0.0,0.0,0.0,0.0,0.0,0.0,1405.6666666666667,1380.5333333333333,1431.2,1.0,1.0,1.0,0.0,0.0,0.0,1892.6666666666667,1855.121666666667,1934.8266666666664,0.0,0.0,0.0,0.0866054304535539,0.0633080071327446,0.1117607678218716,0.0758659178373998,0.0582367099353709,0.0950246968884586
I-80,residual_idm_certified_r0.5,30.0,30.0,all,2.0,0.0666666666666666,0.0,0.1666666666666666,4.540353025201511e-05,0.0,0.0001137639016426,0.0666666666666666,0.0,0.1666666666666666,1512.3333333333333,1489.6991666666668,1538.2683333333332,635.9105842545175,622.423508071801,650.9106543184785,0.9767955975425612,0.970189730787512,0.9835042422552092,0.1095950308959908,0.0,0.2743547376349634,0.1048365419877709,0.0,0.263989521535764,1405.6666666666667,1380.5333333333333,1431.2,1.0,1.0,1.0,0.0,0.0,0.0,1892.6666666666667,1855.121666666667,1934.8266666666664,0.0,0.0,0.0,3.928883833022752,2.9941922164290293,4.780579015470222,3.33819621242161,2.5598883657183995,4.046640004888776
I-80,residual_idm_free_r0.3,30.0,30.0,all,0.0,0.0,0.0,0.0,0.0,0.0,0.0,0.0,0.0,0.0,1521.5666666666666,1499.8908333333334,1547.0675,646.2828826724774,631.6331035725309,662.0799370502699,0.992583825552694,0.9862510629116404,0.9993046821690448,0.0,0.0,0.0,0.0,0.0,0.0,1405.6666666666667,1380.5333333333333,1431.2,1.0,1.0,1.0,0.0,0.0,0.0,1892.6666666666667,1855.121666666667,1934.8266666666664,0.0,0.0,0.0,0.6254638974114647,0.3861546163549854,0.8848509294876035,0.5613196210606605,0.3608202825507132,0.783266163309117
I-80,idm_global_p0,20.0,20.0,"i80_p1, i80_p2",0.0,0.0,0.0,0.0,0.0,0.0,0.0,0.0,0.0,0.0,1483.15,1479.95,1486.4,621.5182549084017,620.1990107131729,622.8210868761846,0.99170562815842,0.9848486364490612,0.9985370471012476,0.0,0.0,0.0,0.0,0.0,0.0,1355.0,1354.2,1355.8,1.0,1.0,1.0,0.0,0.0,0.0,1813.0,1803.8,1822.2,0.0,0.0,0.0,0.1059131812762489,0.0906480412669571,0.1249010190379084,0.1014953262496805,0.0922080339972737,0.1139681174766616
I-80,residual_idm_certified_p0,20.0,20.0,"i80_p1, i80_p2",0.0,0.0,0.0,0.0,0.0,0.0,0.0,0.0,0.0,0.0,1463.5,1454.2925,1472.555,610.5878921952838,608.5163114082964,612.6061872588244,0.9743013039030176,0.9663285840827996,0.9821881587824464,0.0,0.0,0.0,0.0,0.0,0.0,1355.0,1354.2,1355.8,1.0,1.0,1.0,0.0,0.0,0.0,1813.0,1803.8,1822.2,0.0,0.0,0.0,0.3529442119670745,0.2852926790461548,0.4226309479847997,0.3353541522133373,0.2709119735184578,0.4027945150375483
I-80,mlp_p0,20.0,20.0,"i80_p1, i80_p2",20.0,370.6,337.09000000000003,407.805,0.2602584473483734,0.233871711789844,0.2906345964362382,347.45,318.63875,380.0525,1352.7,1318.7375,1383.3562499999998,547.2076807100182,533.26483558611,559.4756281818647,0.8736164062224662,0.8476755555935241,0.897302374697283,687.0943264191237,611.9172414042389,771.2148010485356,677.2565756371248,603.1683528534381,762.8881590698522,1355.0,1354.2,1355.8,1.0,1.0,1.0,0.0,0.0,0.0,1813.0,1803.8,1822.2,22.35,13.94875,32.35375,64.46163517465213,57.74775707814616,71.8523052200928,55.390541779029306,48.1581204198566,63.24726336468765
I-80,gru_p0,20.0,20.0,"i80_p1, i80_p2",20.0,120.8,113.94875,128.55,0.0745143753034279,0.0704379017837394,0.0789884459261203,111.2,105.2,117.7,1492.85,1488.59875,1496.7,615.5487629282559,614.4188609160622,616.6233901125441,0.9821147705134768,0.9770921926552228,0.9872425635549058,196.27692660706808,185.055001164104,208.91346058482657,196.24765294846284,185.02485042358745,208.8925352034087,1355.0,1354.2,1355.8,1.0,1.0,1.0,0.0,0.0,0.0,1813.0,1803.8,1822.2,0.0,0.0,0.0,3.611880444177926,3.304780243186217,3.908195795486544,3.351016339869281,3.024322114126531,3.667110274643688
I-80,idm_core_margin,30.0,30.0,all,0.0,0.0,0.0,0.0,0.0,0.0,0.0,0.0,0.0,0.0,1506.9,1481.4916666666668,1535.0341666666666,642.7423737925837,629.3205362360096,658.2300819490949,0.9873406388778628,0.9800074501023228,0.9945999552438922,0.0,0.0,0.0,0.0,0.0,0.0,1405.6666666666667,1380.5333333333333,1431.2,1.0,1.0,1.0,0.0,0.0,0.0,1892.6666666666667,1855.121666666667,1934.8266666666664,0.0,0.0,0.0,0.0348332139244451,0.030511605788502,0.0396168194957711,0.0323350955985648,0.0293453538698196,0.0355459260508411
I-80,idm_margin_i80,30.0,30.0,all,0.0,0.0,0.0,0.0,0.0,0.0,0.0,0.0,0.0,0.0,1524.2666666666669,1501.1616666666666,1549.4691666666668,640.9935745214742,628.0564890588033,655.9409744694884,0.984748410973319,0.978111844680005,0.9914467368501496,0.0,0.0,0.0,0.0,0.0,0.0,1405.6666666666667,1380.5333333333333,1431.2,1.0,1.0,1.0,0.0,0.0,0.0,1892.6666666666667,1855.121666666667,1934.8266666666664,0.0,0.0,0.0,1.3542929998928142,1.1448164367927791,1.5636871210544558,1.0449993638933568,0.8775160714110316,1.2081670616122349
I-80,residual_idm_margin_free_r0.3,30.0,30.0,all,2.0,0.0666666666666666,0.0,0.1666666666666666,4.613665389527458e-05,0.0,0.0001155810983397,0.0666666666666666,0.0,0.1666666666666666,1516.0666666666666,1491.8966666666668,1542.111666666667,641.7507045728946,628.3730851988446,657.2128526463933,0.985766447425722,0.9789625516813252,0.992570930405875,0.1097635135635669,0.0,0.2744719260956012,0.10388249859583,0.0,0.2652797270483439,1405.6666666666667,1380.5333333333333,1431.2,1.0,1.0,1.0,0.0,0.0,0.0,1892.6666666666667,1855.121666666667,1934.8266666666664,0.0,0.0,0.0,0.089072242216335,0.0665272510108676,0.111618344477136,0.0793023772110259,0.0611918832077029,0.0968754588258143
I-80,ground truth,,,mean of the scenarios,,,,,,,,,,,1558.3333333333333,,,650.7133250882322,,,,,,,,,,,,1405.6666666666667,,,,,,,,,1892.6666666666667,,,,,,,,,,,
US-101,idm_global,30.0,30.0,all,1.0,0.0333333333333333,0.0,0.1,1.6767270288397052e-05,0.0,5.030181086519115e-05,0.0333333333333333,0.0,0.1,1855.4666666666667,1819.2666666666669,1893.215,1034.5734989432456,1010.9129475945472,1059.686441859196,0.994442396222665,0.9915003000180204,0.9975305371354414,0.0297352134098149,0.0,0.0892056402294449,0.0322193960771093,0.0,0.097194142454876,1753.6666666666667,1717.4375,1791.9625,1.0,1.0,1.0,0.0,0.0,0.0,2033.6666666666667,1998.0916666666667,2070.9733333333334,0.0,0.0,0.0,1.8625297330131796,1.3146104565608798,2.508824893475922,1.7538306795610104,1.2685204321190933,2.314574911281668
US-101,idm_heterogeneous,30.0,30.0,all,4.0,0.1666666666666666,0.0333333333333333,0.3341666666666659,8.62049642115187e-05,1.6625103906899416e-05,0.0001787651922436,0.1666666666666666,0.0333333333333333,0.3341666666666659,1822.8666666666663,1779.7083333333337,1871.645,1012.7243705642644,986.4872801780112,1041.2931870613047,0.9731622288916492,0.9613918449967828,0.98373593936861,0.1546435157345118,0.0297046933783647,0.3207816489184276,0.164572584121585,0.032713293458457,0.3370555807314702,1753.6666666666667,1717.4375,1791.9625,0.999192152336988,0.9975764570109636,1.0,1.4,0.0,4.200000000000001,2033.6666666666667,1998.0916666666667,2070.9733333333334,3.2666666666666666,0.0,9.4,8.61925112230224,5.30251141510628,12.49106101731538,8.389977165077887,5.303476684050118,12.058562793350411
US-101,knn,30.0,30.0,all,30.0,951.8666666666668,907.4991666666668,997.0483333333332,0.7832055697057098,0.7645407572978908,0.8020287200702585,757.4666666666667,740.8991666666667,773.735,968.4333333333332,954.13,982.5025,488.1885415154131,480.81650315149767,495.6043119169912,0.4713533197206667,0.4584340578101826,0.4840991556380807,1955.9661348938785,1856.2886599668511,2059.180608035086,1949.793134660483,1851.8148042994883,2052.2475274313274,1753.6666666666667,1717.4375,1791.9625,0.5667300486820842,0.5479035688238699,0.5849721397896334,764.8,717.725,814.6366666666667,2033.6666666666667,1998.0916666666667,2070.9733333333334,845.1333333333333,807.5258333333334,883.4725000000001,231.1898899635713,221.4380162905566,241.4523013900213,192.7417695580369,184.1000861840737,201.57938331148495
US-101,mlp,30.0,30.0,all,30.0,561.1666666666666,532.0325,592.21,0.3833697235557062,0.3630977948000116,0.4053416613690713,549.4333333333333,519.9658333333333,581.3033333333333,1434.1666666666667,1408.2641666666666,1457.935,775.3730251651323,758.7740406268194,790.5810659317136,0.74669581056431,0.7312933394427958,0.7616006212899086,725.9006052639749,684.8424889737454,768.836856552486,723.7376700680994,682.0410869983772,767.7103434219791,1753.6666666666667,1717.4375,1791.9625,0.8958812151480281,0.8750397129211905,0.9146999620958476,187.03333333333333,150.46166666666667,228.5675,2033.6666666666667,1998.0916666666667,2070.9733333333334,253.03333333333333,224.62166666666667,283.175,127.9373820635332,121.74162683940168,135.26138451510604,113.5603229676508,108.6033908834283,119.33342325073612
US-101,pidl,30.0,30.0,all,30.0,980.9,910.5241666666666,1053.8083333333334,0.5913609797164041,0.5567169016916076,0.6284871314698618,839.3,798.7925,881.6033333333334,1428.8,1402.3266666666666,1454.8774999999998,767.7060253847734,751.3921450627538,784.2739788087006,0.7387593525256358,0.7280978890248962,0.7495824879411561,1293.825366987479,1183.08841995197,1407.0453912347473,1277.7026199688537,1168.4987652801155,1390.6750323404751,1753.6666666666667,1717.4375,1791.9625,0.902582168342658,0.884170529307982,0.920733351314897,173.86666666666667,139.39666666666665,207.81666666666663,2033.6666666666667,1998.0916666666667,2070.9733333333334,240.66666666666663,213.18166666666667,269.1691666666667,114.7130310866518,108.3780197912886,120.99277654313664,101.8330038052096,96.6863864372376,106.6766294781654
US-101,gru,30.0,30.0,all,30.0,161.4,147.065,180.1808333333333,0.0992646027636624,0.0891949501034765,0.1133688297561202,146.76666666666668,136.1266666666667,158.80833333333334,1514.6666666666667,1465.9475,1550.6375,809.357768039363,775.7761202213599,833.5440940419353,0.781161079772703,0.7449207593922313,0.8098297217593027,211.22877213850947,178.74207998414337,263.55479910496206,199.41737309939592,177.84528892386115,230.69934422786648,1753.6666666666667,1717.4375,1791.9625,0.9094902198246962,0.872204436219744,0.938486355785092,163.03333333333336,110.27166666666668,230.14250000000004,2033.6666666666667,1998.0916666666667,2070.9733333333334,205.46666666666667,151.215,278.02333333333326,106.11999040213034,96.16397171752348,116.7536114531764,94.6377938039224,86.20056837013631,103.70139954362898
US-101,lstm,30.0,30.0,all,30.0,753.0666666666667,704.2275,804.0708333333333,0.4593560541297471,0.438334818687825,0.481620911407237,342.7333333333333,315.5641666666667,370.77166666666665,759.2666666666667,687.3974999999999,835.1041666666667,308.24852866131334,262.33547825900666,357.019430801369,0.2988856922075154,0.2523273363247479,0.3495301455525071,2857.5011668624284,2446.115377966171,3282.118072232369,2443.050320263151,2097.6238396440167,2826.026658344755,1753.6666666666667,1717.4375,1791.9625,0.3824292751005621,0.33298525043129,0.4404439651131814,1088.4333333333334,977.4208333333332,1185.585,2033.6666666666667,1998.0916666666667,2070.9733333333334,1179.4,1073.86,1268.0516666666667,155.44319006994508,136.01192602652398,176.89120464487635,119.44847211687434,105.47048879618669,135.87041714077122
US-101,perl,30.0,30.0,all,30.0,10648.366666666669,10408.705,10867.674166666666,0.9468493218242192,0.9435446643085378,0.9500554401937956,1451.2666666666669,1435.4825,1468.9025,1532.5333333333333,1519.1991666666668,1547.2075,789.8714324061956,783.5488570723539,796.8087153929471,0.7613851145253884,0.7502659730935779,0.7729670817056135,13481.470804937588,13212.172206362398,13742.606412647605,13481.13911934808,13214.70631795302,13740.7539087175,1753.6666666666667,1717.4375,1791.9625,0.890652639701805,0.8771929813277317,0.9029876832772804,195.16666666666663,169.76000000000002,223.8033333333333,2033.6666666666667,1998.0916666666667,2070.9733333333334,229.4333333333333,208.13166666666663,252.275,95.90843266977672,88.34679643382808,103.59460213587076,84.62246809363116,78.25091448208815,90.94084843742922
US-101,residual_idm,30.0,30.0,all,1.0,0.0333333333333333,0.0,0.1,1.6608536787908984e-05,0.0,4.982561036372695e-05,0.0333333333333333,0.0,0.1,1873.4,1838.2625,1910.9016666666664,1046.7236571375051,1024.3724649660337,1069.755859757117,1.0064537407725351,1.004895259384805,1.0080042033044558,0.029490115239189,0.0,0.0884703457175672,0.0318453997920431,0.0,0.0964420179726231,1753.6666666666667,1717.4375,1791.9625,1.0,1.0,1.0,0.0,0.0,0.0,2033.6666666666667,1998.0916666666667,2070.9733333333334,0.0,0.0,0.0,0.4408306020805126,0.2821840436508078,0.6294334097726141,0.3973115208973893,0.2614081045596702,0.5585435380543982
US-101,residual_idm_certified,30.0,30.0,all,7.0,0.2333333333333333,0.1,0.4,0.0001271003157812,5.271805932045249e-05,0.0002183958620711,0.2333333333333333,0.1,0.4,1846.4666666666667,1809.6641666666667,1885.77,1037.995492973926,1014.7633083301512,1062.7532824359569,0.9979042227058296,0.99552125947332,1.0004861274492882,0.2267771010907152,0.0936627130470397,0.3894866914285447,0.2247922413081176,0.0953498616145585,0.3860125540018895,1753.6666666666667,1717.4375,1791.9625,1.0,1.0,1.0,0.0,0.0,0.0,2033.6666666666667,1998.0916666666667,2070.9733333333334,0.0,0.0,0.0,0.0365162470795651,0.0308112916022206,0.0425506394286954,0.0356425152864868,0.0304809882500756,0.0412348130409397
US-101,mlp_penalty,30.0,30.0,all,30.0,938.4,874.89,1004.5208333333334,0.5747815611877467,0.5437198894861848,0.6032915035267395,856.4666666666667,819.0600000000001,893.3891666666666,1497.3,1472.5291666666667,1526.4758333333334,814.7133371376719,799.2319162987444,832.7438796008031,0.7848137818842847,0.7694462068858796,0.7997640111318748,1160.573754275797,1070.3259947388924,1253.8770582094753,1151.816175364056,1059.6417542579377,1246.7746543484236,1753.6666666666667,1717.4375,1791.9625,0.9382042276789736,0.9195728121045,0.9557127263503912,112.36666666666666,78.89749999999997,147.90249999999995,2033.6666666666667,1998.0916666666667,2070.9733333333334,163.2,130.895,195.97583333333333,99.8380535228068,90.00628939381387,110.44907988102412,89.30266677742053,81.32188611570197,97.85528102553712
US-101,gru_penalty,30.0,30.0,all,30.0,656.1666666666666,610.8525,698.2016666666667,0.3069980472944497,0.2854155053079491,0.3270513887638481,499.4333333333333,470.4925,528.2791666666667,1640.2666666666669,1599.3841666666667,1684.2050000000002,887.0624820559655,860.3588604912005,914.972647252645,0.8546512713983195,0.8267504767674891,0.8828566727242426,752.931170517257,681.7657753925919,817.2155273360094,739.7073824448689,672.1271351557889,802.2140576233816,1753.6666666666667,1717.4375,1791.9625,0.9499958967041262,0.9310595298530032,0.9685161913533268,89.43333333333334,55.79333333333334,123.9025,2033.6666666666667,1998.0916666666667,2070.9733333333334,113.06666666666666,75.42916666666667,152.96833333333333,57.950718454745136,47.09506408494983,69.73714542667594,52.25220219675849,42.84497762863215,62.10920993316744
US-101,lstm_penalty,30.0,30.0,all,30.0,1088.9333333333334,932.1066666666668,1269.0008333333333,0.6523605592525175,0.6315605110023294,0.674050612651023,409.6,358.06,464.45666666666665,634.6,547.1916666666667,724.0725,233.63776015220537,183.11932746637956,287.772708635656,0.2245219312542711,0.1754055222214406,0.2774200206588831,5540.221880928313,4961.324412094262,6174.337126995082,4660.776291571782,4221.875374535155,5238.07152424599,1753.6666666666667,1717.4375,1791.9625,0.3076824418019585,0.2540272609513472,0.3679057760433952,1215.1,1106.3641666666665,1311.8216666666667,2033.6666666666667,1998.0916666666667,2070.9733333333334,1306.5,1195.9275,1406.5808333333332,158.60929876944525,125.83992238819788,203.33047381129617,119.49802771770096,92.49900764570693,154.94544153797355
US-101,residual_idm_certified_het,30.0,30.0,all,13.0,0.6333333333333333,0.3333333333333333,0.9666666666666668,0.0003716068473514,0.0001958385954113,0.0005687232520253,0.6333333333333333,0.3333333333333333,0.9666666666666668,1756.6333333333334,1736.7933333333333,1777.7016666666666,978.9238590821112,965.4283923058276,992.8447473686138,0.942515222321651,0.934383126760568,0.950212943871004,0.6713347972545125,0.3540051170744528,1.0279131992560049,0.6469689419227956,0.3391960168800207,0.997587669772142,1753.6666666666667,1717.4375,1791.9625,0.9999119097956308,0.999735729386892,1.0,0.166666666666665,0.0,0.4999999999999952,2033.6666666666667,1998.0916666666667,2070.9733333333334,0.5666666666666667,0.0333333333333333,1.3674999999999993,36.36325420682365,30.7657851206672,42.740931676942495,33.503107744422365,28.515387547101795,39.16006152403562
US-101,residual_idm_certified_r0.1,30.0,30.0,all,7.0,0.2333333333333333,0.1,0.4,0.0001288154011546,5.303615645000697e-05,0.0002162912596931,0.2333333333333333,0.1,0.4,1836.0,1797.4333333333334,1877.8441666666663,1038.4334733932706,1014.3413602916954,1064.2256309771512,0.998176746164241,0.9951633778324008,1.0016089526705108,0.2280847969104724,0.0935865954770665,0.3819154913038618,0.224697430612357,0.0946125849881481,0.3778125780255226,1753.6666666666667,1717.4375,1791.9625,1.0,1.0,1.0,0.0,0.0,0.0,2033.6666666666667,1998.0916666666667,2070.9733333333334,0.0,0.0,0.0,0.0234550702606219,0.0198605673382603,0.0276310017715348,0.0232206818676733,0.0199603100835069,0.0269605337588895
US-101,residual_idm_certified_r0.2,30.0,30.0,all,2.0,0.0666666666666666,0.0,0.1666666666666666,3.3517689048866065e-05,0.0,8.380264838612917e-05,0.0666666666666666,0.0,0.1666666666666666,1843.4333333333332,1807.3575,1882.5733333333333,1038.691164817197,1014.9109835675392,1064.1894250174216,0.998478897268122,0.9956680732320804,1.0016144730967107,0.0589967763299644,0.0,0.1474935780669347,0.0641833385368205,0.0,0.1596099713736699,1753.6666666666667,1717.4375,1791.9625,1.0,1.0,1.0,0.0,0.0,0.0,2033.6666666666667,1998.0916666666667,2070.9733333333334,0.0,0.0,0.0,0.0283259086150559,0.0235472085379037,0.0338007981518086,0.0275542738564822,0.0232384813576059,0.0325682202012873
US-101,residual_idm_certified_r0.5,30.0,30.0,all,5.0,0.1666666666666666,0.0666666666666666,0.3,8.997588539496206e-05,3.3433634236041456e-05,0.0001632296056241,0.1666666666666666,0.0666666666666666,0.3,1851.2333333333331,1814.9,1890.0741666666663,1035.273558032885,1012.9810173605324,1058.8714636884838,0.9953783578988368,0.9938496347571316,0.9970721373876476,0.1612542941925264,0.0595137705397795,0.2919009874452521,0.1609880455010835,0.063044707079452,0.2898507449329721,1753.6666666666667,1717.4375,1791.9625,1.0,1.0,1.0,0.0,0.0,0.0,2033.6666666666667,1998.0916666666667,2070.9733333333334,0.0,0.0,0.0,0.2753666382991147,0.1662426141087506,0.4103861211995495,0.2604891513901656,0.1560599996242149,0.3896423867022645
US-101,residual_idm_free_r0.3,30.0,30.0,all,1.0,0.0333333333333333,0.0,0.1,1.9201228878648237e-05,0.0,5.760368663594469e-05,0.0333333333333333,0.0,0.1,1861.9666666666667,1825.2658333333331,1900.8725,1032.6674634284072,1010.0961313479212,1058.7142898255124,0.9927266672793438,0.9859982426208852,0.9989480321289532,0.0346739883212968,0.0,0.1040219649638904,0.0322788647011964,0.0,0.0986302298011671,1753.6666666666667,1717.4375,1791.9625,1.0,1.0,1.0,0.0,0.0,0.0,2033.6666666666667,1998.0916666666667,2070.9733333333334,0.0,0.0,0.0,2.044235075706091,1.1726186870638498,2.93413607942544,2.1686208902346222,1.4691463825971187,2.8484850495403475
US-101,idm_core_margin,30.0,30.0,all,8.0,0.4333333333333333,0.1666666666666666,0.7666666666666667,0.0002390948925958,9.18288593560006e-05,0.0004237788732163,0.4333333333333333,0.1666666666666666,0.7666666666666667,1833.7333333333331,1795.6883333333333,1875.3441666666663,1038.4886442784348,1014.3713220096994,1064.4735209866878,0.9982201492169048,0.99512837259218,1.0017141302099375,0.4220812600256802,0.1620611101475289,0.7480881671211037,0.4172730589985633,0.159056727440736,0.7394495983863971,1753.6666666666667,1717.4375,1791.9625,1.0,1.0,1.0,0.0,0.0,0.0,2033.6666666666667,1998.0916666666667,2070.9733333333334,0.0,0.0,0.0,0.0220097994145444,0.0184814413781401,0.0258574126548645,0.0219267824049473,0.0188533868798656,0.0252574870202022
US-101,idm_margin_i80,30.0,30.0,all,2.0,0.0666666666666666,0.0,0.1666666666666666,3.75706605622543e-05,0.0,9.346640816867204e-05,0.0666666666666666,0.0,0.1666666666666666,1841.5,1805.4633333333331,1879.505,1028.0463928994932,1004.2819103510597,1053.3516216046871,0.9881959550475984,0.9853379627131894,0.9911893811632386,0.0678630714050957,0.0,0.1686422926030184,0.0648479165211995,0.0,0.1630081678924722,1753.6666666666667,1717.4375,1791.9625,1.0,1.0,1.0,0.0,0.0,0.0,2033.6666666666667,1998.0916666666667,2070.9733333333334,0.0,0.0,0.0,4.356620059157734,3.9281497852453375,4.868502541414333,4.039481433068687,3.6906298280236514,4.468737516575075
US-101,residual_idm_margin_free_r0.3,30.0,30.0,all,8.0,0.3,0.1333333333333333,0.5,0.0001655644211743,7.188965796338946e-05,0.0002712274591981,0.3,0.1333333333333333,0.5,1845.6666666666667,1809.7333333333331,1884.0433333333333,1037.257241658668,1014.368687258872,1062.297497513924,0.9970950106674888,0.9923927233911004,1.0012985280966766,0.2958097630887382,0.1280953670270968,0.4831299729491846,0.2892243003483619,0.1275907217896935,0.4772672323860841,1753.6666666666667,1717.4375,1791.9625,1.0,1.0,1.0,0.0,0.0,0.0,2033.6666666666667,1998.0916666666667,2070.9733333333334,0.0,0.0,0.0,0.0859213897381635,0.030151582053562,0.1913775672356353,0.1499967246697112,0.0298547834595783,0.3848303570774877
US-101,ground truth,,,mean of the scenarios,,,,,,,,,,,1883.3333333333333,,,1039.86822983798,,,,,,,,,,,,1753.6666666666667,,,,,,,,,2033.6666666666667,,,,,,,,,,,
