scope,error,laws,n,n_strata,estimate,estimate_low,estimate_high,n_valid,p_permutation,h12_3_rule,law_list
I-80,macro error,all laws with runs (D122),19,1,0.7340456882519308,0.4616506355463204,0.8694917923916371,1000,0.0007999200079992,confirmed,"idm_global, idm_heterogeneous, knn, mlp, pidl, gru, lstm, perl, residual_idm, residual_idm_certified, mlp_penalty, gru_penalty, lstm_penalty, idm_heterogeneous_all, residual_idm_certified_het, residual_idm_certified_r0.1, residual_idm_certified_r0.2, residual_idm_certified_r0.5, residual_idm_free_r0.3"
US-101,macro error,all laws with runs (D122),18,1,0.7771772866508357,0.5335594128288458,0.9020639474354972,1000,0.0005999400059994,confirmed,"idm_global, idm_heterogeneous, knn, mlp, pidl, gru, lstm, perl, residual_idm, residual_idm_certified, mlp_penalty, gru_penalty, lstm_penalty, residual_idm_certified_het, residual_idm_certified_r0.1, residual_idm_certified_r0.2, residual_idm_certified_r0.5, residual_idm_free_r0.3"
pooled (corridor as stratum),macro error,all laws with runs (D122),37,2,0.7549738950725554,0.5459525680224302,0.8500560448125973,1000,9.999000099990002e-05,confirmed,"idm_global, idm_heterogeneous, knn, mlp, pidl, gru, lstm, perl, residual_idm, residual_idm_certified, mlp_penalty, gru_penalty, lstm_penalty, idm_heterogeneous_all, residual_idm_certified_het, residual_idm_certified_r0.1, residual_idm_certified_r0.2, residual_idm_certified_r0.5, residual_idm_free_r0.3"
I-80,macro error (dynamic),all laws with runs (D122),19,1,0.6512856351647034,0.3376260361050358,0.8200542890887428,1000,0.0028997100289971,confirmed,"idm_global, idm_heterogeneous, knn, mlp, pidl, gru, lstm, perl, residual_idm, residual_idm_certified, mlp_penalty, gru_penalty, lstm_penalty, idm_heterogeneous_all, residual_idm_certified_het, residual_idm_certified_r0.1, residual_idm_certified_r0.2, residual_idm_certified_r0.5, residual_idm_free_r0.3"
US-101,macro error (dynamic),all laws with runs (D122),18,1,0.7878089868786176,0.5345392035711254,0.9251395656176624,1000,0.0004999500049995,confirmed,"idm_global, idm_heterogeneous, knn, mlp, pidl, gru, lstm, perl, residual_idm, residual_idm_certified, mlp_penalty, gru_penalty, lstm_penalty, residual_idm_certified_het, residual_idm_certified_r0.1, residual_idm_certified_r0.2, residual_idm_certified_r0.5, residual_idm_free_r0.3"
pooled (corridor as stratum),macro error (dynamic),all laws with runs (D122),37,2,0.7175335352162103,0.5030025693935012,0.8281262307405501,1000,9.999000099990002e-05,confirmed,"idm_global, idm_heterogeneous, knn, mlp, pidl, gru, lstm, perl, residual_idm, residual_idm_certified, mlp_penalty, gru_penalty, lstm_penalty, idm_heterogeneous_all, residual_idm_certified_het, residual_idm_certified_r0.1, residual_idm_certified_r0.2, residual_idm_certified_r0.5, residual_idm_free_r0.3"
I-80,macro error,laws of H12.3 (D108),15,1,0.6522787229915848,0.2869754355601686,0.8339408544796992,1000,0.0094990500949905,confirmed,"idm_global, idm_heterogeneous, knn, mlp, pidl, gru, lstm, perl, residual_idm, residual_idm_certified, mlp_penalty, gru_penalty, lstm_penalty, idm_heterogeneous_all, residual_idm_certified_het"
US-101,macro error,laws of H12.3 (D108),14,1,0.7444904020605911,0.3717068729283446,0.911582742262132,1000,0.002999700029997,confirmed,"idm_global, idm_heterogeneous, knn, mlp, pidl, gru, lstm, perl, residual_idm, residual_idm_certified, mlp_penalty, gru_penalty, lstm_penalty, residual_idm_certified_het"
pooled (corridor as stratum),macro error,laws of H12.3 (D108),29,2,0.696730703637751,0.4621864581416902,0.8193798006477185,1000,0.0002999700029997,confirmed,"idm_global, idm_heterogeneous, knn, mlp, pidl, gru, lstm, perl, residual_idm, residual_idm_certified, mlp_penalty, gru_penalty, lstm_penalty, idm_heterogeneous_all, residual_idm_certified_het"
I-80,macro error (dynamic),laws of H12.3 (D108),15,1,0.4955156044825575,0.0705931629190393,0.7623929130184462,1000,0.0590940905909409,open,"idm_global, idm_heterogeneous, knn, mlp, pidl, gru, lstm, perl, residual_idm, residual_idm_certified, mlp_penalty, gru_penalty, lstm_penalty, idm_heterogeneous_all, residual_idm_certified_het"
US-101,macro error (dynamic),laws of H12.3 (D108),14,1,0.7333786050149108,0.3659500372923611,0.9329237080294178,1000,0.0036996300369963,confirmed,"idm_global, idm_heterogeneous, knn, mlp, pidl, gru, lstm, perl, residual_idm, residual_idm_certified, mlp_penalty, gru_penalty, lstm_penalty, residual_idm_certified_het"
pooled (corridor as stratum),macro error (dynamic),laws of H12.3 (D108),29,2,0.6101815773656112,0.3377532267181883,0.7796731627387297,1000,0.0008999100089991,confirmed,"idm_global, idm_heterogeneous, knn, mlp, pidl, gru, lstm, perl, residual_idm, residual_idm_certified, mlp_penalty, gru_penalty, lstm_penalty, idm_heterogeneous_all, residual_idm_certified_het"
