architecture,kind,weight,experiment,runs,runs_expected,val_rmse_s,test_rmse_s,audited,stable,feasible,chosen
mlp,jacobian,0.01,e2_jacobian_w0.01,5,5,2.843623920221759,2.8420981211239487,5,0.1181818181818182,0,False
mlp,jacobian,0.1,e2_jacobian_w0.1,5,5,2.854158171702739,2.8551122399245967,5,1.0,5,False
mlp,jacobian,1.0,e2_jacobian_w1,5,5,2.804038867673172,2.8038553948782465,5,1.0,5,True
mlp,jacobian,10.0,e2_jacobian_w10,5,5,2.942604364164421,2.9423197881243146,5,1.0,5,False
pidl,jacobian,0.01,e2_jacobian_w0.01,5,5,2.7997657725197507,2.8028886620023403,5,0.109090909090909,0,False
pidl,jacobian,0.1,e2_jacobian_w0.1,5,5,2.792297271630209,2.8083276325008946,5,0.4818181818181818,1,False
pidl,jacobian,1.0,e2_jacobian_w1,5,5,2.800509478069233,2.7960739277554896,5,1.0,5,False
pidl,jacobian,10.0,e2_jacobian_w10,5,5,2.777930781009037,2.782278791639392,5,1.0,5,True
gru,gain,0.01,e2_gain_w0.01,5,5,2.194604790808641,2.1986659383186207,5,0.2181818181818181,0,False
gru,gain,0.1,e2_gain_w0.1,5,5,2.31972934087088,2.3299676199609456,5,0.2363636363636363,1,True
gru,gain,1.0,e2_gain_w1,5,5,2.905396926354908,2.9108494877668463,5,0.0,5,False
gru,gain,10.0,e2_gain_w10,5,5,2.68591074365892,2.6906411799084444,5,0.0363636363636363,5,False
lstm,gain,0.01,e2_gain_w0.01,5,5,2.280588877897504,2.28620424207004,5,0.3090909090909091,0,False
lstm,gain,0.1,e2_gain_w0.1,5,5,2.725818996906828,2.738395564797133,5,0.5545454545454546,0,True
lstm,gain,1.0,e2_gain_w1,5,5,2.69269566905501,2.695445938512841,5,0.1,4,False
lstm,gain,10.0,e2_gain_w10,5,5,2.72855290717379,2.732686720552246,5,0.0272727272727272,4,False
perl,gain,0.01,e2_gain_w0.01,5,5,3.0240823611863226,3.028319842991471,5,0.0,0,False
perl,gain,0.1,e2_gain_w0.1,5,5,2.9774844330404555,3.00050107563358,5,0.0,0,True
perl,gain,1.0,e2_gain_w1,5,5,3.057280031029407,3.0328081895608063,5,0.0,0,False
perl,gain,10.0,e2_gain_w10,5,5,3.29790392093737,3.2955529274090907,5,0.0,0,False
residual_idm,jacobian,0.01,e2_jacobian_w0.01,5,5,2.705733996241213,2.706275568783287,5,0.8454545454545455,0,False
residual_idm,jacobian,0.1,e2_jacobian_w0.1,5,5,2.7365050325431954,2.7420391645941704,5,0.990909090909091,0,True
residual_idm,jacobian,1.0,e2_jacobian_w1,5,5,3.3908775280306465,3.389564396202419,5,0.8727272727272727,0,False
residual_idm,jacobian,10.0,e2_jacobian_w10,5,5,3.5032358364241114,3.507004961753493,5,0.8727272727272728,0,False
