view,model,penalty,experiment,runs,runs_expected,rmse_s,rmse_s_low,rmse_s_high,drivers,collision_rate,audited,stable,outside,none,unstable,unstable_low,unstable_high,not_stable,not_stable_low,not_stable_high,unstable_sign,unstable_eq,unstable_eq_low,unstable_eq_high,unstable_eq_sign,unstable_eq_sign_low,unstable_eq_sign_high,max_gain_median,growth_error,growth_runs,growth_error_full,growth_runs_full,first_collided,first_collided_low,first_collided_high,collision_free,collision_free_low,collision_free_high,collided,profiles,complete,collided_without,profiles_without,first_collided_without,collision_free_without,reduction,reduction_low,reduction_high,reduction_p,reduction_pairs,reduction_full,reduction_full_low,reduction_full_high,reduction_full_p,reduction_full_pairs,h1_3
openacc_acc,idm,none,e5,5.0,5.0,7.448670921669886,6.582132573537711,8.402611049657438,24.0,0.0,5.0,0.8692307692307694,0.0846153846153846,0.0,0.0461538461538461,0.0076923076923076,0.0846153846153846,0.1307692307692307,0.0615384615384615,0.1999999999999999,0.2,0.0461538461538461,0.0076923076923076,0.0846153846153846,0.2,0.1384615384615384,0.2692307692307693,1.0263040132304877,0.1102805399950851,5.0,0.104621306393329,5.0,51.0,51.0,51.0,1.0,1.0,1.0,0,10,True,,,,,,,,,,,,,,,
openacc_acc,mlp,none,e5,5.0,5.0,7.557421338427386,6.2357039572729045,8.99586071594353,24.0,0.0226366518810396,5.0,0.0,0.0846153846153846,0.0,0.9153846153846154,0.8846153846153847,0.9615384615384616,1.0,1.0,1.0,0.9153846153846154,1.0,1.0,1.0,1.0,1.0,1.0,1.860349866263249,0.0917890948452882,5.0,0.0623652637490134,2.0,36.5,23.5,48.4,0.3,0.0,0.6,7,10,True,,,,,,,,,,,,,,,
openacc_acc,gru,none,e5,5.0,5.0,8.449950733068151,5.200455410480076,12.613143247726068,24.0,0.0181690635432413,5.0,0.0307692307692307,0.1615384615384615,0.023076923076923,0.7846153846153846,0.6461538461538461,0.9076923076923076,0.9692307692307692,0.9384615384615383,1.0,0.7692307692307692,0.9606153846153846,0.9210615384615388,1.0,0.9286153846153846,0.8966153846153846,0.9686153846153848,1.5361697417619191,0.0969685156960888,2.0,0.0942562559332847,1.0,14.2,1.2,34.0,0.2,0.0,0.6,8,10,True,,,,,,,,,,,,,,,
openacc_acc,lstm,none,e5,5.0,5.0,8.62191426873275,6.45771687084398,11.017440604725838,24.0,0.017136227303567,5.0,0.0153846153846153,0.3153846153846154,0.0692307692307692,0.6,0.3,0.8,0.9846153846153848,0.9692307692307692,1.0,0.5846153846153845,0.9589743589743588,0.9256410256410256,0.9923076923076924,0.9128205128205128,0.8512820512820513,0.9666666666666666,2.0469977684200327,0.1516434922937605,2.0,0.2007325374692666,1.0,17.4,1.0,37.4,0.2,0.0,0.6,8,10,True,,,,,,,,,,,,,,,
openacc_acc,mlp,chosen,e5_jacobian_w1,5.0,5.0,7.840563736852832,6.507485229350239,9.3562965998027,24.0,0.028468485906608,5.0,1.0,0.0,0.0,0.0,0.0,0.0,0.0,0.0,0.0,0.0,0.0,0.0,0.0,0.0,0.0,0.0,0.995762850778203,0.0941814674701713,5.0,0.0893483851748393,5.0,51.0,51.0,51.0,1.0,1.0,1.0,0,10,True,7.0,10.0,36.5,0.3,-0.026063800159654,-0.2906090724230472,0.1492483813099827,0.625,5.0,-0.3094998825278046,-0.9541008912525056,0.0138600464862954,1.0,2.0,refuted
openacc_acc,gru,chosen,e5_gain_w0.1,5.0,5.0,7.175669525541309,5.72323454146877,8.829478786585991,24.0,0.0202216342555428,5.0,0.3769230769230769,0.1153846153846153,0.0,0.5076923076923077,0.2,0.8153846153846154,0.6230769230769231,0.3461538461538461,0.9,0.6615384615384616,0.5692307692307692,0.2538461538461538,0.8846153846153847,0.7615384615384615,0.4538461538461538,1.0,1.0685394701643236,0.0962769439044911,4.0,,0.0,24.4,11.3,36.2,0.0,0.0,0.0,10,10,True,8.0,10.0,14.2,0.2,-0.0215271832366996,-0.0215271832366996,-0.0215271832366996,1.0,1.0,,,,,0.0,open
openacc_acc,lstm,chosen,e5_gain_w0.1,5.0,5.0,8.04611201773472,5.509793288130562,11.557987761086297,24.0,0.0180096970105454,5.0,0.5538461538461539,0.2076923076923077,0.0,0.2384615384615384,0.0307692307692307,0.4692307692307692,0.4461538461538462,0.1692307692307692,0.7230769230769232,0.6615384615384615,0.3,0.0307692307692307,0.6076923076923078,0.8692307692307691,0.7692307692307693,0.9692307692307692,1.065558958921588,0.0998282994786506,3.0,0.1810756576402037,1.0,23.7,8.0,39.9,0.1,0.0,0.3,9,10,True,8.0,10.0,17.4,0.2,0.524939936307578,0.524939936307578,0.524939936307578,1.0,1.0,,,,,0.0,open
openacc_acc,pooled,chosen,,,,,,,,,,,,,,,,,,,,,,,,,,,,,,,,,,,,,19,30,True,23.0,30.0,,,0.1268750660726795,-0.1469797128913281,0.3429664582867953,0.46875,7.0,-0.3094998825278046,-0.9541008912525056,0.0138600464862954,1.0,2.0,open
openacc_human,idm,none,e5,5.0,5.0,9.677393436036906,7.798808513873751,11.80113088132763,23.0,0.0,5.0,0.936,0.064,0.0,0.0,0.0,0.0,0.0639999999999999,0.048,0.0799999999999999,0.0,0.0,0.0,0.0,0.0,0.0,0.0,0.9994037153363098,0.0979563215223345,5.0,0.088840228090843,5.0,51.0,51.0,51.0,1.0,1.0,1.0,0,15,True,,,,,,,,,,,,,,,
openacc_human,mlp,none,e5,5.0,5.0,11.027698865748492,8.915801547034649,13.307645047287632,23.0,0.1451099238852261,5.0,0.096,0.168,0.0,0.736,0.552,0.9201999999999998,0.904,0.712,1.0,0.8320000000000001,0.8923076923076924,0.6923076923076923,1.0,1.0,1.0,1.0,1.2288819350728546,0.1468318858115449,5.0,0.1634026882566755,3.0,18.0,10.6,26.4,0.2666666666666666,0.0666666666666666,0.4666666666666667,11,15,True,,,,,,,,,,,,,,,
openacc_human,gru,none,e5,5.0,5.0,10.01840748508283,8.117142270287012,12.2322612312251,23.0,0.1235184318987046,5.0,0.048,0.224,0.0,0.728,0.5036000000000004,0.936,0.952,0.8879999999999999,1.0,0.768,0.923076923076923,0.8307692307692308,1.0,0.9692307692307692,0.9076923076923076,1.0,1.2958609760445352,0.1764922506434524,5.0,0.2758618823601729,2.0,13.066666666666666,9.266666666666666,16.866666666666667,0.1333333333333333,0.0,0.2666666666666666,13,15,True,,,,,,,,,,,,,,,
openacc_human,lstm,none,e5,5.0,5.0,10.221314361129933,8.064266947202155,12.694348137266037,23.0,0.165005320044057,5.0,0.12,0.192,0.176,0.512,0.224,0.8,0.8799999999999999,0.8400000000000001,0.944,0.5519999999999999,0.7875457875457876,0.6717948717948719,0.9076923076923076,0.8567765567765567,0.7597069597069598,0.946153846153846,1.2934573453046645,0.0922863410275578,5.0,0.0398525537907229,1.0,9.933333333333334,4.4,15.20666666666666,0.0666666666666666,0.0,0.2,14,15,True,,,,,,,,,,,,,,,
openacc_human,mlp,chosen,e5_jacobian_w1,5.0,5.0,11.609671938024176,9.660654212158516,13.733741510897593,23.0,0.1613319402837208,5.0,0.2,0.0,0.0,0.8,0.4,1.0,0.8,0.4,1.0,0.8,0.8,0.4,1.0,0.8,0.4,1.0,1.1494984332069682,0.2175814516181432,5.0,0.1148639879907044,1.0,13.533333333333337,7.2,24.46666666666667,0.1333333333333333,0.0,0.4,13,15,True,11.0,15.0,18.0,0.2666666666666666,-0.4818406125860406,-1.2385945108133334,0.0321081523854205,0.3125,5.0,,,,,0.0,refuted
openacc_human,gru,chosen,e5_gain_w0.1,5.0,5.0,11.755517926779412,9.276921427280636,14.795686249916484,23.0,0.2003338843521533,5.0,0.24,0.3359999999999999,0.024,0.4,0.168,0.6479999999999999,0.76,0.6159999999999999,0.9043999999999998,0.576,0.6682517482517483,0.4724475524475524,0.8640839160839157,0.8735384615384616,0.6975384615384617,1.0,1.0996301305879708,0.0909071235539455,5.0,0.1215080811463489,2.0,13.933333333333334,4.866666666666666,24.53333333333333,0.2,0.0,0.4666666666666666,12,15,True,13.0,15.0,13.066666666666666,0.1333333333333333,0.4849228607912366,0.1154761844017313,0.7645373443059686,0.125,5.0,0.2990205411816574,0.2990205411816574,0.2990205411816574,1.0,1.0,confirmed
openacc_human,lstm,chosen,e5_gain_w0.1,5.0,5.0,10.087024291970575,8.17506919613938,12.405904818726489,23.0,0.1607029019253853,5.0,0.128,0.3359999999999999,0.048,0.488,0.16,0.808,0.8720000000000001,0.6639999999999999,1.0,0.616,0.7069230769230769,0.3299999999999999,0.976923076923077,1.0,1.0,1.0,1.0588022961783996,0.0568912952390498,5.0,0.036622802702579,2.0,13.2,8.6,17.8,0.1333333333333333,0.0,0.2666666666666666,13,15,True,14.0,15.0,9.933333333333334,0.0666666666666666,0.3835350431537703,-0.6158757299857347,0.6810888343342931,0.8125,5.0,-0.4644489639185989,-0.4644489639185989,-0.4644489639185989,1.0,1.0,open
openacc_human,pooled,chosen,,,,,,,,,,,,,,,,,,,,,,,,,,,,,,,,,,,,,38,45,True,38.0,45.0,,,0.1208598189720202,-0.3114773029419648,0.4411359256339904,0.52447509765625,15.0,0.1628517376659467,-0.4644489639185989,0.2990205411816574,1.0,2.0,open
