architecture,part,runs,runs_expected,speeds,audit_equilibria,up_0,up_0_low,up_0_high,up_1,up_1_low,up_1_high,up_2plus,up_2plus_low,up_2plus_high,any_down,any_down_low,any_down_high,unique,unique_low,unique_high,down_below,down_below_low,down_below_high,down_above,down_above_low,down_above_high,not_bracketed,not_bracketed_low,not_bracketed_high,audit_none_scan_up,audit_none_scan_up_low,audit_none_scan_up_high
mlp,all,25,25,650,650,0.0,0.0,0.0,0.946153846153846,0.9153846153846156,0.9723076923076924,0.0538461538461538,0.0276923076923076,0.0846153846153845,0.6015384615384615,0.4676923076923077,0.7384615384615384,0.946153846153846,0.9153846153846156,0.9723076923076924,0.0,0.0,0.0,0.6015384615384615,0.4676923076923077,0.7384615384615384,0.0,0.0,0.0,,,
mlp,support,25,25,550,550,0.0,0.0,0.0,0.9490909090909092,0.9145454545454548,0.9781818181818182,0.0509090909090909,0.0218181818181818,0.0854545454545454,0.6363636363636364,0.5,0.7728181818181817,0.9490909090909092,0.9145454545454548,0.9781818181818182,0.0,0.0,0.0,0.6363636363636364,0.5,0.7728181818181817,0.0,0.0,0.0,,,
pidl,all,25,25,650,650,0.0,0.0,0.0,0.9184615384615384,0.8630769230769232,0.9615384615384616,0.0815384615384615,0.0384615384615384,0.1369230769230769,0.4646153846153846,0.3338461538461538,0.5953846153846154,0.9184615384615384,0.8630769230769232,0.9615384615384616,0.0,0.0,0.0,0.4646153846153846,0.3338461538461538,0.5953846153846154,0.0,0.0,0.0,,,
pidl,support,25,25,550,550,0.0,0.0,0.0,0.958181818181818,0.92,0.9854545454545456,0.0418181818181818,0.0145454545454545,0.08,0.4472727272727272,0.3017727272727273,0.5836818181818181,0.958181818181818,0.92,0.9854545454545456,0.0,0.0,0.0,0.4472727272727272,0.3017727272727273,0.5836818181818181,0.0,0.0,0.0,,,
residual_idm,all,25,25,650,618,0.0492307692307692,0.0384615384615384,0.0584615384615384,0.66,0.5999615384615384,0.7231153846153847,0.2907692307692308,0.2338461538461538,0.3461923076923077,0.3953846153846154,0.3538461538461538,0.4461538461538461,0.6920820512820514,0.6312120512820512,0.7530451282051283,0.0,0.0,0.0,0.3953846153846154,0.3538461538461538,0.4461538461538461,0.0,0.0,0.0,0.0,0.0,0.0
residual_idm,support,25,25,550,550,0.0,0.0,0.0,0.6909090909090909,0.6327272727272727,0.7509545454545455,0.3090909090909091,0.2490454545454545,0.3672727272727272,0.3454545454545454,0.2909090909090909,0.4054545454545454,0.6909090909090909,0.6327272727272727,0.7509545454545455,0.0,0.0,0.0,0.3454545454545454,0.2909090909090909,0.4054545454545454,0.0,0.0,0.0,,,
gru,all,25,25,650,620,0.0461538461538461,0.0261538461538461,0.0676923076923077,0.743076923076923,0.6646153846153847,0.823076923076923,0.2107692307692308,0.1353461538461538,0.2908076923076922,0.6861538461538462,0.6384615384615384,0.7307692307692306,0.7794668461972809,0.6996842432205476,0.8561597597330205,0.06,0.0353461538461538,0.0876923076923077,0.6261538461538462,0.5830384615384615,0.6677307692307692,0.0,0.0,0.0,0.0,0.0,0.0
gru,support,25,25,550,523,0.049090909090909,0.0236363636363636,0.0763636363636363,0.7054545454545454,0.6127272727272728,0.7981818181818183,0.2454545454545454,0.1563181818181818,0.3399999999999999,0.7781818181818181,0.729090909090909,0.8272727272727274,0.7423082304692211,0.6481742971510773,0.833409881432637,0.0418181818181818,0.02,0.069090909090909,0.7363636363636364,0.6854545454545454,0.7872727272727272,0.0,0.0,0.0,0.0,0.0,0.0
lstm,all,25,25,650,580,0.1076923076923077,0.0584615384615384,0.1600384615384615,0.6784615384615386,0.6138461538461538,0.7415769230769231,0.2138461538461538,0.1569230769230769,0.2738461538461538,0.6753846153846155,0.624576923076923,0.7216153846153848,0.7649821618503541,0.7023632023087514,0.8224329377868508,0.1615384615384615,0.0984230769230769,0.2308076923076923,0.5492307692307692,0.4784230769230769,0.6153846153846153,0.0,0.0,0.0,0.0,0.0,0.0
lstm,support,25,25,550,482,0.1236363636363636,0.0636363636363636,0.1854999999999999,0.6399999999999999,0.5636363636363637,0.7145909090909092,0.2363636363636363,0.1690909090909091,0.3090909090909091,0.78,0.7181818181818183,0.8345454545454545,0.7342736163045761,0.6590160581936123,0.803522631333235,0.189090909090909,0.1145,0.2709090909090909,0.6327272727272727,0.5508636363636364,0.7091363636363637,0.0,0.0,0.0,0.0,0.0,0.0
perl,all,25,25,650,620,0.0461538461538461,0.0169230769230769,0.0784615384615384,0.3892307692307692,0.3323076923076923,0.4553846153846153,0.5646153846153846,0.5015384615384615,0.6261923076923077,0.8723076923076922,0.8338461538461539,0.9138461538461538,0.4074116328116328,0.3489685581085581,0.474229827949828,0.083076923076923,0.0415384615384615,0.1292307692307692,0.8323076923076923,0.7769230769230769,0.8876923076923076,0.0,0.0,0.0,0.0,0.0,0.0
perl,support,25,25,550,540,0.0181818181818181,0.0054545454545454,0.0345454545454545,0.34,0.2709090909090909,0.4181818181818181,0.6418181818181818,0.5635909090909091,0.7145454545454545,0.94,0.9072727272727272,0.9690909090909092,0.3469841269841269,0.2771955266955267,0.4252871572871573,0.0872727272727272,0.0418181818181818,0.1381818181818181,0.9,0.8490909090909091,0.9491363636363636,0.0,0.0,0.0,0.0,0.0,0.0
