corridor,network,metric,header,pairs,abs_error_network,abs_error_reference,degradation,degradation_low,degradation_high,degraded,strong,h12_1,complete
I-80,mlp,throughput,throughput,30,0.165962303364916,0.0194018244441923,0.1465604789207237,0.1352912032604571,0.157155453440966,True,False,open,True
I-80,mlp,travel_time,travel time (W1),30,0.1548706464725613,0.0724243665576276,0.0824462799149336,0.0746566924967589,0.0907503764380033,True,False,open,True
I-80,mlp,wave_speed,wave speed (xcorr),30,0.7860475793862636,0.2327444095659315,0.5533031698203322,0.3641740361003049,0.8091739089936253,True,True,open,True
I-80,gru,throughput,throughput,30,0.0459394836757435,0.0194018244441923,0.0265376592315512,0.0063192758782084,0.0512774387751291,True,False,open,True
I-80,gru,travel_time,travel time (W1),30,0.1501143955752437,0.0724243665576276,0.0776900290176161,0.0501834597053627,0.1075932110741896,True,False,open,True
I-80,gru,wave_speed,wave speed (xcorr),30,0.3590181821523487,0.2327444095659315,0.1262737725864171,0.004699273603796,0.2956544556317355,True,False,open,True
I-80,lstm,throughput,throughput,30,0.7732568540059418,0.0194018244441923,0.7538550295617495,0.6884679191961175,0.8174780505614475,True,True,confirmed,True
I-80,lstm,travel_time,travel time (W1),26,0.7820937921023609,0.0722408029061745,0.7098529891961864,0.5562170409734197,0.8660333734663198,True,True,confirmed,True
I-80,lstm,wave_speed,wave speed (xcorr),30,0.6616924530371189,0.2327444095659315,0.4289480434711873,0.256510735147812,0.6560045011307459,True,True,confirmed,True
US-101,mlp,throughput,throughput,30,0.2441452923539002,0.013744948858568,0.2304003434953321,0.213737438512564,0.2476625016143308,True,True,confirmed,True
US-101,mlp,travel_time,travel time (W1),30,0.3309310343941175,0.0661050619034515,0.2648259724906658,0.2197884887912774,0.3129914328740919,True,True,confirmed,True
US-101,mlp,wave_speed,wave speed (xcorr),30,1.0050267213094433,0.4458680637173673,0.5591586575920757,0.1908917201617038,0.912719610831222,True,True,confirmed,True
US-101,gru,throughput,throughput,30,0.2219724678005269,0.013744948858568,0.2082275189419588,0.175624877382281,0.249340728161817,True,True,confirmed,True
US-101,gru,travel_time,travel time (W1),30,0.5383974979928875,0.0661050619034515,0.472292436089436,0.3395563017884137,0.6308400112009162,True,True,confirmed,True
US-101,gru,wave_speed,wave speed (xcorr),30,0.3149933774424529,0.4458680637173673,-0.1308746862749144,-0.3594806897815688,0.0839636319715846,False,False,confirmed,True
US-101,lstm,throughput,throughput,30,0.7552106861849275,0.013744948858568,0.7414657373263595,0.6855522060974851,0.7896030454995596,True,True,confirmed,True
US-101,lstm,travel_time,travel time (W1),29,1.4528351241877482,0.0657639212342973,1.3870712029534504,1.0499422690938889,1.7505468322981197,True,True,confirmed,True
US-101,lstm,wave_speed,wave speed (xcorr),30,0.6022371707952453,0.4458680637173673,0.1563691070778779,-0.1139839588371335,0.368809326407452,False,False,confirmed,True
