corridor,law,kind,scenario,runs,throughput_vph,throughput_vph_low,throughput_vph_high,mean_speed,mean_speed_low,mean_speed_high,queue_discharge_flow,queue_discharge_flow_low,queue_discharge_flow_high,flow_peak_2min,flow_peak_2min_low,flow_peak_2min_high,capacity_drop,capacity_drop_low,capacity_drop_high,congested_share,congested_share_low,congested_share_high,fd_scatter,fd_scatter_low,fd_scatter_high,n_waves,n_waves_low,n_waves_high,wave_speed_xcorr,wave_speed_xcorr_low,wave_speed_xcorr_high,wave_speed,wave_speed_low,wave_speed_high,wave_amplitude,wave_amplitude_low,wave_amplitude_high,travel_time_mean,travel_time_mean_low,travel_time_mean_high,travel_time_median,travel_time_median_low,travel_time_median_high,collisions_per_1000_vkm,collisions_per_1000_vkm_low,collisions_per_1000_vkm_high,vehicles_in_contact_share,vehicles_in_contact_share_low,vehicles_in_contact_share_high,inserted_share,inserted_share_low,inserted_share_high,mean_depart_delay_s,mean_depart_delay_s_low,mean_depart_delay_s_high
I-80,idm_global,idm,all,30.0,7323.272727272729,7162.700000000002,7503.118181818183,6.268812319772423,5.846811650331825,6.733823356911712,7256.654051796157,7149.181998746868,7377.082289055974,8582.0,8503.975,8660.0,0.1538859718669583,0.139025336451533,0.1682966253059908,0.7242424242424245,0.6212121212121211,0.8137121212121212,581.8272746293296,551.2611750596391,612.0114981619535,1.1,0.7666666666666667,1.4666666666666666,-4.281878220138847,-4.540839691756554,-4.063733261118814,-7.03690402197322,-8.80540560540031,-5.521022189012144,3.7549937867771126,3.4767932320555466,4.052224496631421,68.85777423408503,64.82455027428449,72.4352543111391,65.32216422511425,62.47310122028873,67.8077895260285,0.0,0.0,0.0,0.0,0.0,0.0,1.0,1.0,1.0,0.243489573999182,0.1948350591390685,0.2965402784859134
I-80,idm_heterogeneous,idm_heterogeneous,all,30.0,7148.181818181819,7022.677272727275,7281.09090909091,7.294248878529029,6.857955095450205,7.754099050687655,7110.932380863032,7000.889645236086,7221.693267259056,8143.0,8044.0,8239.0,0.1261929274154771,0.1123607858259154,0.1403858078110705,0.9454545454545455,0.9151515151515152,0.9712121212121212,816.7826981860519,782.6680916277736,850.1675636492623,2.1333333333333333,1.365833333333334,2.933333333333333,-3.558070479101924,-5.225608045588548,-2.149325987506817,-5.5505586868895245,-6.883281728247937,-4.272856942844938,6.169523716384453,5.263380162253605,7.204563433693985,61.383909575396935,57.726119468541135,64.95320194928574,56.79572792028553,52.615608805647405,60.83621634363364,0.0,0.0,0.0,0.0,0.0,0.0,1.0,1.0,1.0,29.400023973653568,26.538070056324305,32.29229161387164
I-80,knn,models,all,30.0,4234.545454545455,4158.904545454547,4308.377272727273,3.892734744599383,3.705323389070267,4.08759804336632,4234.545454545455,4158.904545454546,4308.377272727273,4933.0,4816.975,5037.0,0.1397784260658979,0.1241830994659736,0.1547059252183674,1.0,1.0,1.0,748.6997249807589,714.7144596681536,781.9595329075421,3.1333333333333333,2.7333333333333334,3.5,-0.8623281978339733,-1.6560471146960232,0.0893170099823081,-2.409168479495974,-2.75392873019286,-2.1402009159934816,2.336641455651288,2.062555423203198,2.659372594850137,121.60556271448078,114.90634487558673,128.48102285988972,119.37587447561522,112.38778710235016,126.2328102348721,2140.502571978668,2060.864662195585,2219.7314966556905,0.7048103411323022,0.6776416050783916,0.7345222336381944,0.6769394052393511,0.6567151885196952,0.6974313747784303,220.49609770318,213.5822254020292,227.34361025890345
I-80,mlp,models,all,30.0,6215.999999999998,6092.5090909090895,6338.749999999998,5.746077121442034,5.425620161993028,6.089970841210713,6219.2535885167445,6095.7985645933,6342.026315789473,7017.0,6938.975,7109.0,0.1128643728477839,0.0918105732968281,0.1322542483766915,0.9954545454545456,0.9863636363636364,1.0,721.6492754665957,677.2537002107165,764.248405112908,1.9,1.5,2.2333333333333334,-1.1780922464560717,-2.139558067691093,0.1569038309471833,-1.415054250113676,-9.132747796123557,8.277503625471631,3.891315136254677,3.4355289751716653,4.437101367120682,77.10694606392333,73.47422219706968,80.66360121127096,70.83541676214625,66.48860535500991,75.36215338897745,912.5080925554284,861.3155603750682,960.6725992871808,0.3542590278035567,0.3318277587927321,0.3763124019035419,0.9923319761603744,0.9892296943974096,0.9950166598699288,92.08116757657986,87.54431162544839,96.07647180198283
I-80,pidl,models,all,30.0,6314.727272727274,6139.809090909091,6488.231818181819,5.69219665597629,5.380924573000173,6.005622784703082,6311.614718614719,6135.459090909092,6486.585606060605,7103.0,6979.975,7241.0,0.1115614638365886,0.0932186796000498,0.1298151308112405,0.9772727272727272,0.968181818181818,0.9863636363636364,867.630925270147,820.9087153056205,910.2561265411998,2.7333333333333334,2.466666666666667,3.033333333333333,-1.419153941764967,-2.289042592733798,0.0273771098029877,-3.25818530844568,-3.696397786303687,-2.872185437028128,3.8768462597788313,3.5423259256723143,4.295191607008928,79.65796203143833,75.07176204867594,84.70148706824396,74.5616122739348,69.01689640947801,80.66462768288527,1800.6525203357362,1628.0864023912388,1980.362099894948,0.6301406546335815,0.5792398984840915,0.6795878490974505,0.9925625622088184,0.9873695689657118,0.9968518242336364,77.87946027625155,72.55398826007658,83.71068104652245
I-80,gru,models,all,30.0,7129.818181818181,6988.163636363637,7266.913636363636,5.688823359242411,5.433620367152336,5.955781881530038,7129.818181818181,6988.163636363637,7266.913636363636,8528.0,8390.0,8663.0,0.1626320347761631,0.1443266952075733,0.1815580340458829,1.0,1.0,1.0,924.053376971056,873.6000551349601,982.1451530964237,2.1333333333333333,1.6,2.7,-4.028614178366829,-4.948955574120576,-3.101738123178424,-4.659580629886306,-5.639361646161328,-3.890203620204403,4.203806199525096,3.860619402989213,4.51368949922665,76.83695601311882,74.4115153180455,79.30279527775721,71.74651876941228,69.65812696584509,73.6850563309646,205.96827032829577,168.19895668146904,248.96599814538524,0.0829393976090186,0.0667937574796039,0.1009484561289621,0.988740889399604,0.9781463738326832,0.9964819999892104,32.788371179085544,24.589331872009325,42.52400180259471
I-80,lstm,models,all,30.0,1685.8181818181822,1201.3636363636365,2177.690909090909,1.5220440048267627,1.0953295505799765,2.0302549312054365,1724.924386724387,1261.4745382395383,2213.6403391053395,2630.0,2021.975,3280.0,0.4323270613819491,0.355810064169021,0.5137272673364602,0.7621212121212121,0.6757196969696969,0.8469696969696969,737.7229750887169,626.1142947267831,853.4368147843958,3.033333333333333,2.4991666666666674,3.634166666666666,-1.8669187321612672,-2.850933177607828,-0.5978573134334595,-2.2568498573140734,-3.898588466757422,-0.5849557964279924,1.5241369443077954,0.7968367676027951,2.5197762341254606,101.20634736011444,83.8870432274477,116.82312963470471,86.55213205022507,71.94830524221513,100.3625293017176,4664.165336592964,3293.5369135197966,6246.48784171395,0.4059757826175655,0.3667035411114699,0.4440689638955482,0.3347765826260878,0.2597947021577449,0.4109760819073214,188.3622219341925,160.23260273604865,217.46873501996197
I-80,perl,models,all,30.0,7137.454545454546,7079.072727272728,7195.09090909091,4.150223370716766,4.079328975112735,4.221608687822258,7137.454545454546,7079.072727272728,7195.090909090909,8125.0,8005.95,8254.025,0.1201202301781534,0.1081100732246945,0.1325182036346819,1.0,1.0,1.0,814.4953987360793,785.7259337447994,843.4796925329729,0.3666666666666666,0.1991666666666674,0.5333333333333333,-0.4023788473957696,-1.8885783150607427,1.073078093139765,-4.2979651617372125,-4.985358558660565,-3.641614691900558,3.289677199791053,2.754271308422312,3.823621392301773,114.16201337368156,112.03322474480063,116.25745684605369,112.72039817903364,110.7294126847205,114.69094712034078,11683.26158432883,11293.911061710076,12058.18985570072,0.9123010754243376,0.9043906609472584,0.9193601230110522,0.989001821670506,0.983053838186026,0.9942440876631724,37.62289793359874,32.64531419457425,42.73694174337122
I-80,residual_idm,models,all,30.0,7327.272727272727,7175.781818181817,7500.218181818182,6.437482552072088,5.95977514378894,6.942706323463396,7218.421356421356,7108.94414141414,7339.015937950939,8701.0,8588.975,8807.025,0.1686951322746522,0.149203888819171,0.1883820711512649,0.7651515151515151,0.6484469696969697,0.8667045454545453,946.094027724805,870.1693850815677,1020.596610281217,2.933333333333333,2.533333333333333,3.333333333333333,-2.890624772029809,-3.764938817112553,-0.4851851985841136,-4.097760907459644,-4.3062064618154885,-3.87750316549034,4.721924755294947,4.433316755488396,5.027001538452329,67.7771692789491,63.60758444770789,71.44610473873078,63.73049229667715,60.610873564682194,66.55959451451972,0.0,0.0,0.0,0.0,0.0,0.0,1.0,1.0,1.0,0.3793567833272415,0.2631515388215263,0.4982521828116107
I-80,residual_idm_certified,models,all,30.0,7246.363636363636,7065.236363636365,7440.3772727272735,6.383905513538132,5.928107560883808,6.881533862200782,6895.9,6683.875833333332,7147.607777777777,8691.0,8629.0,8752.025,0.2057183529256416,0.1746670663413576,0.2328561794425835,0.2954545454545454,0.2318181818181818,0.3530681818181818,893.0922499248721,827.4007597758787,955.91633992834,2.6,2.2666666666666666,2.9008333333333325,-5.588622950323355,-5.788463972838313,-5.39404741412047,-7.991886662451,-8.487417804771537,-7.540565877574982,5.133229272609275,4.622241362267144,5.681880626961778,68.01335666130511,63.93147857893926,71.61793891819562,64.96208317591388,62.46192461230234,67.21756216457887,0.0,0.0,0.0,0.0,0.0,0.0,1.0,1.0,1.0,0.2396156287039803,0.1731526391851683,0.3089652535544139
I-80,mlp_penalty,models,all,30.0,6642.181818181819,6517.627272727274,6761.6500000000015,5.883507508288104,5.64242277072402,6.109315050507569,6647.867076782867,6523.281535657325,6768.1853668261565,7604.0,7441.0,7768.025,0.1238260989975672,0.1046710948730874,0.143141103642534,0.9787878787878788,0.9651515151515152,0.9893939393939396,826.7543957223081,771.4233973585764,882.8740874471287,1.9666666666666663,1.7333333333333334,2.2,-2.5948195469474538,-2.8808714292871827,-2.348525438459295,-3.0370905317288317,-3.793135861663661,-2.50882438933665,5.078312526023185,4.557057285468614,5.628023524562644,73.76150959224886,71.21758961089472,76.72417668080645,69.77711245905084,65.95638923558217,73.7328390420072,1588.4532398807348,1483.237110206718,1697.8563963016156,0.5993304325872054,0.5616575872322195,0.6360044719689728,0.9973647818760868,0.9957310329573104,0.998687952158221,55.53987463402704,48.55353325645805,62.99690830780639
I-80,gru_penalty,models,all,30.0,6981.272727272727,6664.659090909092,7242.054545454544,6.232900685822767,5.859149058034182,6.629445379839845,7066.2054172178005,6781.271255584801,7296.221322356695,8660.0,8366.9,8942.025,0.1818305094709223,0.1575656715696491,0.2081445709350499,0.9424242424242424,0.9015151515151516,0.9727651515151516,1068.1145507317208,983.640491885594,1161.3826652297737,2.4,1.9333333333333331,2.8666666666666667,-2.777249948700107,-3.561542750332649,-1.7505094589439534,-4.582872268354987,-5.384676681531739,-3.7585361007881537,5.373375359248073,4.4962248720247775,6.323456140925511,67.66643652206525,63.62870777073236,71.83961194496035,60.19766102957906,56.39552447660519,63.97551425207031,730.5794706394743,685.6893338989463,777.0852263236771,0.2390654604991491,0.2241677387231345,0.2553555791103307,0.9884326958231984,0.9734454075295754,0.997791129137001,45.54033043797653,28.297250495171248,66.32449946458813
I-80,lstm_penalty,models,all,30.0,1446.5454545454547,861.6045454545455,2096.1181818181817,0.9710382938015448,0.6612065450139627,1.301806484863976,1430.8608146755205,855.2729614176673,2072.592896678485,2344.0,1694.9,3083.3,0.5286055053119634,0.4182744745032178,0.6300795955347925,0.7166666666666668,0.6272727272727274,0.8030681818181818,737.3695234268073,628.5924423626585,840.6746416852743,3.5,2.699166666666668,4.266666666666667,-2.0373402620583403,-3.411265919014068,-0.4107175552612525,-0.9988925169564608,-5.220013373585615,5.718124984342998,0.8754812628277703,0.4608091649393926,1.3764156590089769,75.58135321499935,57.69665752988177,94.37501600880069,67.8513832019006,53.71580966610826,84.13896654303562,8041.714665882814,5640.841349081442,11400.164300163102,0.569581713899551,0.5267822713384758,0.612477728838357,0.2954043975380797,0.2085424416312653,0.3884316071868898,152.26909295701392,125.5095396146857,176.52951030247036
I-80,idm_heterogeneous_all,idm_heterogeneous,all,30.0,6475.818181818181,6367.09090909091,6591.277272727271,6.675105802196625,6.3467574168009016,7.025445712423651,6476.649350649351,6369.011038961038,6592.331818181819,7467.0,7362.0,7580.025,0.1322987808352224,0.1200815173278414,0.1452682594475262,0.9984848484848484,0.9954545454545456,1.0,835.1666291281604,805.6928116127109,866.4040670094922,2.2666666666666666,1.6325000000000007,2.966666666666667,-0.0581696267805003,-2.079675825625919,2.447163811032478,-4.2069670439962605,-6.152055473912781,-1.3111350223293,4.938107796993485,4.330084161984901,5.569012252524571,66.3944571785403,63.32541307387607,69.46943127238696,61.090956154666216,58.07028804206933,64.05492287028257,0.0,0.0,0.0,0.0,0.0,0.0,0.980566442084292,0.9741383254676844,0.9868048505091934,77.26950862329925,73.29920510776893,80.77950466305184
I-80,residual_idm_certified_het,residual_heterogeneous,all,30.0,7277.272727272727,7116.827272727273,7457.313636363638,6.615926533735947,6.231617048172692,7.060883381698398,7322.555844155845,7182.452402597403,7488.1996969696975,8503.0,8444.0,8561.0,0.1385279552045939,0.1189248849403591,0.1561367729877427,0.968181818181818,0.9575757575757572,0.9787878787878788,641.9347184933249,607.7622228021102,675.2987459514378,1.7333333333333334,1.1,2.3666666666666667,-5.885619883605355,-6.9430790079509,-5.044988175281367,-4.662131647004668,-5.65561856506185,-3.630979982326017,4.088466156774561,3.775133611441472,4.40006087091533,67.84217378402263,64.34658342880827,71.04877448662367,66.35791715404916,63.63813619707662,68.8312484768693,0.0,0.0,0.0,0.0,0.0,0.0,1.0,1.0,1.0,13.472551436660874,12.436590331693845,14.50259492542791
I-80,residual_idm_certified_r0.1,models,all,30.0,7233.09090909091,7054.122727272728,7426.272727272727,6.522826977851648,6.054290821427896,7.0328349378786905,5879.857142857143,5834.985714285715,5924.446428571428,8700.0,8639.975,8759.025,0.3268773862505419,0.3177678397749809,0.3360748413028585,0.1863636363636363,0.1378787878787878,0.2303030303030302,830.0360795499383,773.1569369100208,886.4953878151491,2.4,1.9333333333333331,2.833333333333333,-5.700054300900007,-5.973144854949518,-5.403417020321959,-6.866832513869055,-7.20073489043348,-6.52033114903281,4.580141268145827,3.9911329536028215,5.208593356848984,67.38619703247191,63.344052389448976,70.90161434210853,64.25222462316684,61.82955004400114,66.46246760946156,0.0,0.0,0.0,0.0,0.0,0.0,1.0,1.0,1.0,0.0438871874614827,0.0360476273929069,0.0534438575317993
I-80,residual_idm_certified_r0.2,models,all,30.0,7239.09090909091,7059.936363636365,7432.581818181818,6.458825767743647,5.993961328919656,6.963124009371793,5913.928571428571,5845.2375,6006.619642857143,8691.0,8621.975,8758.0,0.3225800140555669,0.3106243509317893,0.3337813091987194,0.2166666666666666,0.1590909090909091,0.2682196969696969,870.0390711234216,797.7094203057549,940.9857390545498,2.2333333333333334,1.8333333333333333,2.6333333333333333,-5.701928610130122,-5.94948394489986,-5.434620468495709,-6.839248315570996,-7.219356275888249,-6.5194167533417575,5.182652598912343,4.599983573457982,5.807710028267629,67.62654031139854,63.55584665905773,71.18815349168806,64.71716499438705,62.38958582726895,66.75002327023641,0.0,0.0,0.0,0.0,0.0,0.0,1.0,1.0,1.0,0.0866054304535539,0.0633080071327446,0.1117607678218716
I-80,residual_idm_certified_r0.5,models,all,30.0,7262.363636363637,7094.904545454546,7448.927272727274,6.411311398295192,5.988325832714456,6.86623805104994,7208.983982683984,7009.422791375291,7428.695484515485,8587.0,8521.975,8648.025,0.1603097713836566,0.1358705871083358,0.182719986492777,0.5060606060606061,0.42875,0.5742424242424242,823.2536961384629,778.0067032594234,867.8640353982138,3.566666666666667,2.933333333333333,4.166666666666667,-5.578522966115233,-5.806067411794143,-5.356277326385405,-7.813692066908362,-8.9122829080883,-6.932124716686525,4.685665856190693,4.355637738183597,5.023758919213243,67.46787680332399,63.76429949996694,70.82809005067661,65.50721320205615,62.71456784109461,67.89033725254804,0.1095950308959908,0.0,0.2743547376349634,4.540353025201511e-05,0.0,0.0001137639016426,1.0,1.0,1.0,3.928883833022752,2.9941922164290293,4.780579015470222
I-80,residual_idm_free_r0.3,models,all,30.0,7328.727272727271,7157.43181818182,7527.090909090908,6.579440124927195,6.095629876497209,7.106079536266215,7234.370229770228,7106.001255411256,7387.354269064268,8703.0,8603.95,8807.05,0.1681249927487585,0.1505599699652356,0.1842976972969943,0.7939393939393941,0.6833333333333333,0.8848484848484849,1089.619199257879,1018.3277779130076,1156.2996399231456,2.7,2.2333333333333334,3.1666666666666665,-1.872385810207111,-2.947894434116645,-0.1732014691530958,-3.724025063018321,-4.774103792568408,-2.3650056548117777,5.512142115103176,5.060812157906452,5.973220842654053,65.46651069907207,61.46211005500771,68.95671313221641,61.52294167038608,58.57797243489542,64.02121674626355,0.0,0.0,0.0,0.0,0.0,0.0,1.0,1.0,1.0,0.6254638974114647,0.3861546163549854,0.8848509294876035
I-80,idm_global_p0,idm,all,20.0,6999.272727272728,6956.713636363636,7040.475,5.468760216815178,5.422424585702746,5.514985806735908,6859.3613469605725,6818.614569976592,6899.366849299436,8592.0,8472.0,8710.5,0.2008554391839815,0.1897772257362348,0.2118828580213246,0.7204545454545455,0.6795454545454545,0.7568181818181818,782.098000329763,749.8495590427418,813.1083049053708,1.4,1.2,1.6,-3.7875954992260414,-3.918419350944704,-3.659586479859207,-7.39413967295643,-9.121742767871382,-5.905951138084208,3.398383834389988,3.140598614572063,3.684557412457161,75.70371945856375,74.87486681462715,76.56718636092988,69.60553472903985,69.11259241685538,70.07311680414055,0.0,0.0,0.0,0.0,0.0,0.0,1.0,1.0,1.0,0.1059131812762489,0.0906480412669571,0.1249010190379084
I-80,residual_idm_certified_p0,models,all,20.0,6880.363636363637,6804.490909090909,6955.636363636363,5.422651698787582,5.384442394178279,5.461369847586875,6484.433333333333,6413.998333333333,6562.304166666668,8716.5,8625.0,8803.575,0.2552328862599034,0.2392483264862017,0.2707015552976715,0.4295454545454545,0.4113636363636363,0.4454545454545454,1010.317483556425,979.7101150140468,1039.238708466868,2.45,1.95,2.95,-5.312163821272302,-5.524621568474125,-5.101973443254639,-9.764109627728764,-11.422669534775803,-8.248666475083565,5.273115099598988,4.656146741271627,5.962601218289215,75.65031274545744,74.62263233607251,76.67115275847176,69.5831867094046,69.17986577114357,69.97862555965237,0.0,0.0,0.0,0.0,0.0,0.0,1.0,1.0,1.0,0.3529442119670745,0.2852926790461548,0.4226309479847997
I-80,mlp_p0,models,all,20.0,6372.272727272728,6211.009090909091,6517.643181818183,5.381925506255423,5.10672953669413,5.637727145835751,6374.338961038961,6213.074707792207,6519.343506493506,7545.0,7435.5,7645.5,0.155456714471595,0.1417910671913587,0.1690967571879603,0.9886363636363636,0.9772727272727272,0.9977272727272728,866.1256851227296,827.5291923900726,904.9701998022624,2.6,2.4,2.8,-2.6413456596495104,-2.70372745827388,-2.579225163902481,-3.4703024506782945,-3.80157037179695,-3.151235665592785,4.022984346457258,3.532800196163819,4.578590166449255,78.0775131910715,74.25215189514797,82.36349060901883,70.71127218018773,65.00434715157012,76.9751141320809,687.0943264191237,611.9172414042389,771.2148010485356,0.2602584473483734,0.233871711789844,0.2906345964362382,1.0,1.0,1.0,64.46163517465213,57.74775707814616,71.8523052200928
I-80,gru_p0,models,all,20.0,7039.636363636363,7019.181818181818,7058.461363636364,5.231224457139843,5.202732082735706,5.256173885213766,7039.636363636363,7019.181818181818,7058.461363636364,8647.5,8473.5,8820.0375,0.1840368424817893,0.1660331375144546,0.2021954396312719,1.0,1.0,1.0,978.890084839761,953.2446359269114,1005.023329678252,3.3,2.65,3.95,-4.202304406391499,-4.245610442934634,-4.159735644009149,-4.625120232840748,-4.773837707150437,-4.484932635636042,4.237126216173732,4.049434726861133,4.420728197061329,81.37821445538675,80.73683020843119,82.06594947853135,76.93369578436095,75.8516108014602,77.9959095354719,196.27692660706808,185.055001164104,208.91346058482657,0.0745143753034279,0.0704379017837394,0.0789884459261203,1.0,1.0,1.0,3.611880444177926,3.304780243186217,3.908195795486544
I-80,idm_core_margin,idm,all,30.0,7226.727272727273,7041.422727272727,7424.5818181818195,6.580064122172819,6.109660408615726,7.089161432991942,5873.7,5759.7,5989.2225,8707.0,8654.0,8761.0,0.3292543484760224,0.3210913830459341,0.3373592586703932,0.1363636363636363,0.0999999999999999,0.1682196969696969,831.0935237080382,782.7525081571765,879.6838132714432,2.4,1.9666666666666663,2.8,-5.587280121246092,-5.888351170763981,-5.290616606401844,-6.799333151853475,-7.206597840254686,-6.494614780074553,4.370018899472204,3.7330140183642,5.146113797963845,67.08309554988574,62.97320765335807,70.66806945423664,63.49044325263434,61.19296481974612,65.49936744897829,0.0,0.0,0.0,0.0,0.0,0.0,1.0,1.0,1.0,0.0348332139244451,0.030511605788502,0.0396168194957711
I-80,idm_margin_i80,idm,all,30.0,7267.272727272727,7097.268181818182,7454.563636363637,6.170033953887815,5.771789128272332,6.618107943743447,7259.721637426899,7115.42812865497,7418.476315789472,8563.0,8483.975,8643.025,0.1516198631011428,0.1323441129016016,0.1698196463432724,0.6999999999999998,0.6242424242424243,0.7682196969696968,666.6477717063947,605.8540559654002,725.6192496263276,1.3,0.9,1.7,-1.7869277224461078,-3.7463907774033625,0.4118625083801766,-6.146017191694478,-9.054585560907288,-4.611241259601293,3.730007251094957,3.4774461739887137,4.008675542437022,68.99702556925058,65.26696979885438,72.3879510344867,65.5270247638666,63.36882962245781,67.38725310229545,0.0,0.0,0.0,0.0,0.0,0.0,1.0,1.0,1.0,1.3542929998928142,1.1448164367927791,1.5636871210544558
I-80,residual_idm_margin_free_r0.3,models,all,30.0,7249.818181818181,7071.254545454544,7445.286363636364,6.412064388218803,5.950869095471536,6.913861204409635,6384.997732426304,6264.963492063492,6549.984920634922,8687.0,8623.975,8752.025,0.2667685936050346,0.2443283935098247,0.2849188265011042,0.2636363636363636,0.1954166666666666,0.3242424242424242,855.7934534930357,787.7292294875567,924.5411503675444,2.1333333333333333,1.8,2.466666666666667,-5.590952466004192,-5.844201876203016,-5.312120036196035,-7.025523108833217,-7.286295692246383,-6.808851425059706,5.644979404624423,4.988922709298692,6.259858113860014,68.0424800638011,63.973627173690126,71.62555099151777,65.09181664216936,62.62049687129125,67.17137661456039,0.1097635135635669,0.0,0.2744719260956012,4.613665389527458e-05,0.0,0.0001155810983397,1.0,1.0,1.0,0.089072242216335,0.0665272510108676,0.111618344477136
US-101,idm_global,idm,all,30.0,7627.2307692307695,7452.91923076923,7809.569230769231,9.813371701292828,9.188432194344635,10.469615120291284,7428.262470862471,7274.8402988678,7596.780004995005,8531.0,8404.0,8653.05,0.1290234352625335,0.1143508637342474,0.1440497482991798,0.4448717948717949,0.4127884615384616,0.4769551282051282,757.5229627042606,733.9301283303671,780.3026869295514,2.2333333333333334,1.9,2.566666666666667,-6.660111732679198,-8.428888356739426,-5.239156052007676,-3.5312416343299207,-3.782347598950181,-3.3492605940814766,8.391792896719439,7.619258496918302,9.319799760115997,62.85834597216319,58.6102388971547,66.95515271344995,60.65190114859629,55.982255985621705,64.9230022203,0.0297352134098149,0.0,0.0892056402294449,1.6767270288397052e-05,0.0,5.030181086519115e-05,1.0,1.0,1.0,1.8625297330131796,1.3146104565608798,2.508824893475922
US-101,idm_heterogeneous,idm_heterogeneous,all,30.0,7505.846153846153,7323.373076923078,7707.957692307692,9.522621494757832,8.945669002781116,10.182642648824327,7361.716845143161,7162.473641723772,7582.334240985623,8920.0,8773.0,9088.025,0.174198642453986,0.1512463205061091,0.1962532368013637,0.5294871794871795,0.4423076923076923,0.6128205128205129,1025.7072657433096,987.0361893296874,1065.29839459393,2.6,2.1333333333333333,3.0,-4.779763013547887,-5.077714829015572,-4.537645398296624,-4.661820315022437,-5.012202512383421,-4.403568775841775,9.667351690911095,8.918614356517393,10.479008834528852,64.86239039776056,60.31384743887636,68.82944636838707,60.07422649021324,55.62866490394641,64.1181727504877,0.1546435157345118,0.0297046933783647,0.3207816489184276,8.62049642115187e-05,1.6625103906899416e-05,0.0001787651922436,0.999192152336988,0.9975764570109636,1.0,8.61925112230224,5.30251141510628,12.49106101731538
US-101,knn,models,all,30.0,3643.6923076923063,3591.996153846154,3696.6307692307687,4.552518091233481,4.370366819895982,4.736793027011623,3648.0966853436416,3594.7966475698213,3704.598821070234,4688.0,4556.975,4823.05,0.2186220102615104,0.2015895957812076,0.2361619321032403,0.9423076923076924,0.9153846153846154,0.9666666666666666,908.2307379375678,851.0466840548576,969.6353365587296,2.6666666666666665,2.333333333333333,3.066666666666667,-1.563851672425651,-2.5536876486577884,-0.4132443987855759,-2.4609044917783307,-2.922423047334083,-2.103084179165117,4.0287551156316805,3.521482879562297,4.553861391511095,139.12797997173345,132.20105565553584,146.55474551806574,131.84509089623188,125.1803635668973,139.3631638001107,1955.9661348938785,1856.2886599668511,2059.180608035086,0.7832055697057098,0.7645407572978908,0.8020287200702585,0.5667300486820842,0.5479035688238699,0.5849721397896334,231.1898899635713,221.4380162905566,241.4523013900213
US-101,mlp,models,all,30.0,5831.538461538462,5709.823076923077,5944.473076923076,7.63373511632495,7.221564310498183,8.066851891783998,5841.525596432552,5722.535974358973,5948.753964882943,6718.0,6579.0,6883.075,0.1285968935643844,0.1102729536952718,0.1452660051752891,0.971794871794872,0.958974358974359,0.9846153846153848,816.133157247138,743.6342960170618,879.0809940349485,0.9666666666666668,0.7,1.2666666666666666,-0.02807732420634,-1.4290536855431328,1.6415071444198204,-3.622811566475089,-4.559786157923396,-3.0165911699219103,4.001634043193745,3.730518886231843,4.287464715954764,81.430191497113,76.34496987830673,86.03516364784443,69.03587968840087,67.52628571133953,70.52621531230685,725.9006052639749,684.8424889737454,768.836856552486,0.3833697235557062,0.3630977948000116,0.4053416613690713,0.8958812151480281,0.8750397129211905,0.9146999620958476,127.9373820635332,121.74162683940168,135.26138451510604
US-101,pidl,models,all,30.0,5716.0,5580.41923076923,5852.661538461538,6.848844771139056,6.480542870098393,7.235556900944556,5653.404577741099,5523.266904016274,5789.321400353269,7020.0,6743.925,7297.0,0.1867674417857359,0.1566598174102612,0.2185078295388509,0.8999999999999998,0.8833333333333332,0.9166666666666664,1176.1103307991837,1104.4928416567366,1248.3246310157044,2.4,2.066666666666667,2.7,-2.2948591342558258,-2.4195966288566533,-2.1838293491503182,-4.608536338054281,-8.195988756698343,-2.623281631075939,4.763058617629199,4.414467284278729,5.228100255017335,93.31008584762368,87.38872428142822,99.49258300877914,85.33798612689093,78.9140784133526,92.34434569447738,1293.825366987479,1183.08841995197,1407.0453912347473,0.5913609797164041,0.5567169016916076,0.6284871314698618,0.902582168342658,0.884170529307982,0.920733351314897,114.7130310866518,108.3780197912886,120.99277654313664
US-101,gru,models,all,30.0,5990.153846153846,5708.292307692308,6189.711538461537,5.9811389338899685,5.583065553994041,6.282942696824128,5988.695384615386,5703.916923076923,6189.711538461538,7115.0,6938.975,7251.075,0.1591237000836312,0.136837312186953,0.1940232659863273,0.9987179487179486,0.996153846153846,1.0,814.1657201443887,771.5669097911995,862.6252914172194,3.9,3.433333333333333,4.433333333333334,-3.850937485336488,-4.265607082990347,-3.222029747076044,-4.6346633793882805,-4.912225859220314,-4.391632567726214,3.8773757976279866,3.474105107947407,4.275555145571985,99.5245935271477,93.2105676023497,108.66404533606575,95.13472942365868,91.1137004106576,100.3577961440828,211.22877213850947,178.74207998414337,263.55479910496206,0.0992646027636624,0.0891949501034765,0.1133688297561202,0.9094902198246962,0.872204436219744,0.938486355785092,106.11999040213034,96.16397171752348,116.7536114531764
US-101,lstm,models,all,30.0,1872.7692307692305,1517.8615384615389,2254.492307692308,1.5592686865878944,1.2911824734732875,1.863406575658921,1971.945193884203,1653.8241140850894,2341.4431132489804,4113.0,3564.0,4612.025,0.5034008803199413,0.4289327620876584,0.573246414911876,0.9166666666666669,0.8717628205128205,0.9564423076923078,1008.6318676780428,920.8690512058156,1092.3023981954682,3.4,2.9,4.033333333333333,-2.254297645807453,-2.809084756613591,-1.6373684332952916,-4.406394104397125,-4.7321279140214365,-4.094532355920067,1.081726603990835,0.8945047981965982,1.30167231733822,159.75748136750954,141.03641015555257,181.4233268825915,133.10635465113486,119.41676389128446,149.68866090887232,2857.5011668624284,2446.115377966171,3282.118072232369,0.4593560541297471,0.438334818687825,0.481620911407237,0.3824292751005621,0.33298525043129,0.4404439651131814,155.44319006994508,136.01192602652398,176.89120464487635
US-101,perl,models,all,30.0,5558.615384615385,5502.753846153847,5625.419230769233,3.8659745980138944,3.8253061420947567,3.9112717353986968,5558.615384615385,5502.753846153847,5625.419230769233,6674.0,6588.0,6764.05,0.1662624954954989,0.1558160116921178,0.1785817552901131,1.0,1.0,1.0,666.4716377473128,651.6603138595591,684.134419724413,0.2333333333333333,0.0666666666666666,0.4666666666666667,-1.534546653731048,-2.521644793919281,-0.5065066238850962,-5.210168569992054,-8.059346405228837,-3.234754016407384,2.196847438463055,1.7238751351016688,2.710288393880925,158.94298808117162,157.1033031644418,160.88032370545574,151.49604332852817,149.90329316652378,153.0791481649807,13481.470804937588,13212.172206362398,13742.606412647605,0.9468493218242192,0.9435446643085378,0.9500554401937956,0.890652639701805,0.8771929813277317,0.9029876832772804,95.90843266977672,88.34679643382808,103.59460213587076
US-101,residual_idm,models,all,30.0,7747.076923076923,7597.815384615385,7900.807692307692,10.086753248163438,9.452524215144972,10.771991614260696,7469.216375832631,7409.895445632798,7528.747228984896,9191.0,9032.95,9354.0,0.1848274709649001,0.1677871209428149,0.2020849934541548,0.5012820512820513,0.3987179487179487,0.5948717948717949,1149.4367121903765,1124.2834767017569,1172.969015656077,2.033333333333333,1.7325000000000008,2.333333333333333,-3.540339950756504,-3.62228058926408,-3.465504041448114,-3.37051651900826,-3.406140690969049,-3.332773752264793,10.772088169553022,10.01017155171856,11.621145237810971,61.16549817570272,56.938217019541526,65.1951837453837,57.92791579894937,53.61943449874536,61.98579743742081,0.029490115239189,0.0,0.0884703457175672,1.6608536787908984e-05,0.0,4.982561036372695e-05,1.0,1.0,1.0,0.4408306020805126,0.2821840436508078,0.6294334097726141
US-101,residual_idm_certified,models,all,30.0,7630.153846153846,7464.9,7810.311538461538,10.57286525600413,9.861150086032678,11.36076274368078,8418.0,8280.0,8556.0,8814.0,8687.975,8943.025,0.0218881884321385,0.0113616197143528,0.0322999722689912,0.0269230769230769,0.0192307692307692,0.0346153846153846,944.3499593917368,899.7888185462402,989.7720754487664,2.533333333333333,2.1,2.933333333333333,-6.186356081328648,-6.48442464206007,-5.937191413148203,-5.268771112541344,-5.378448556288986,-5.176393490748082,7.318626060567181,6.742976923665262,7.979339173764242,58.78760816044137,54.46756849592743,62.83791879047795,56.23642520746287,51.55529524022872,60.57649737006879,0.2267771010907152,0.0936627130470397,0.3894866914285447,0.0001271003157812,5.271805932045249e-05,0.0002183958620711,1.0,1.0,1.0,0.0365162470795651,0.0308112916022206,0.0425506394286954
US-101,mlp_penalty,models,all,30.0,6099.846153846154,5977.688461538463,6234.799999999999,7.348183175349927,6.917884701565567,7.882124181424518,6029.695981409894,5919.430697577785,6152.77639524244,7537.0,7286.0,7805.0,0.1944258766227551,0.1697465099253712,0.2200680900202771,0.9064102564102564,0.8871794871794872,0.9243589743589744,1093.6169510113198,1043.0911795068018,1140.2767270537083,2.033333333333333,1.7666666666666666,2.333333333333333,-1.5747686150976736,-2.165682057149769,-0.759575978932896,-3.334214492374143,-3.951386866094276,-2.8137691739271244,5.57416149416287,4.925316956329777,6.258336402137061,86.11885587753888,80.15000788010232,91.7027527458098,74.68556713757097,69.89082177641102,79.91559179434287,1160.573754275797,1070.3259947388924,1253.8770582094753,0.5747815611877467,0.5437198894861848,0.6032915035267395,0.9382042276789736,0.9195728121045,0.9557127263503912,99.8380535228068,90.00628939381387,110.44907988102412
US-101,gru_penalty,models,all,30.0,6488.153846153846,6270.55,6709.023076923076,6.582272051413107,6.136193468874377,7.084115431691728,6485.513846153845,6268.624,6705.013230769228,8062.0,7888.0,8214.025,0.195805256356469,0.1730603151801854,0.2171387152553403,0.9974358974358972,0.9935897435897436,1.0,963.3748657699474,908.7589034918518,1017.06469635335,3.633333333333333,3.1666666666666665,4.066666666666666,-2.742338358062078,-3.9433080335226753,-1.386999176661339,-3.965700449651498,-4.200100957664663,-3.734608085082311,4.939786442976199,4.366437599408274,5.630667535200806,87.41494111982158,81.6861869945753,93.25846255785898,79.79911313760802,76.13894442827474,83.31769653724102,752.931170517257,681.7657753925919,817.2155273360094,0.3069980472944497,0.2854155053079491,0.3270513887638481,0.9499958967041262,0.9310595298530032,0.9685161913533268,57.950718454745136,47.09506408494983,69.73714542667594
US-101,lstm_penalty,models,all,30.0,1266.9230769230771,896.7692307692313,1676.1961538461535,1.0776379586056384,0.830972844034819,1.3558655451638515,1360.4162489729054,992.6910990528296,1768.0648375847916,2684.0,2190.975,3174.05,0.5486166239859193,0.4706141417948392,0.6238981078645444,0.8589743589743589,0.8038461538461539,0.9064102564102564,765.5799805217179,676.3763127991548,852.7057232568551,4.066666666666666,3.232500000000001,5.0,-2.8817677887308126,-3.9905707852309575,-1.4574266584243138,-3.605296957036248,-6.105208076877864,0.3874455961269326,1.0149875826718116,0.5637481146429789,1.5712719877427097,159.3518308740878,123.27492677208753,215.9293524884787,140.9625807419887,105.5442679205531,200.3748325070492,5540.221880928313,4961.324412094262,6174.337126995082,0.6523605592525175,0.6315605110023294,0.674050612651023,0.3076824418019585,0.2540272609513472,0.3679057760433952,158.60929876944525,125.83992238819788,203.33047381129617
US-101,residual_idm_certified_het,residual_heterogeneous,all,30.0,7284.923076923077,7189.230769230769,7384.776923076922,10.218366002735394,9.839074412990914,10.609780031845569,7312.160512820513,7221.864423076922,7404.460730769231,8026.0,7970.975,8080.0,0.0890020288654627,0.0802216512196904,0.0972767951555599,0.9615384615384612,0.9525641025641024,0.9705128205128204,530.0717546681353,514.7540381388328,545.874337678629,2.033333333333333,1.7,2.3666666666666667,-8.255935804070871,-9.414974346566655,-7.34278341672247,-4.52514239819397,-4.805637468235589,-4.32068402599111,9.5803686161363,9.098253825202908,10.066470354716474,59.0691590832353,56.892331356632496,61.16478283587611,57.776352806896206,55.664985692622494,59.82083175741746,0.6713347972545125,0.3540051170744528,1.0279131992560049,0.0003716068473514,0.0001958385954113,0.0005687232520253,0.9999119097956308,0.999735729386892,1.0,36.36325420682365,30.7657851206672,42.740931676942495
US-101,residual_idm_certified_r0.1,models,all,30.0,7608.461538461538,7434.13076923077,7798.003846153843,10.86580037326324,10.129883743000471,11.685287904845865,,,,8774.0,8635.95,8916.025,,,,0.0,0.0,0.0,1008.9542249581592,955.0544111201012,1064.274847069782,2.6,2.1333333333333333,3.0,-7.625358990679836,-8.42156662341258,-6.958883225068308,-5.796568162321162,-6.165578208238435,-5.493397824784953,6.334160741485339,5.833241115217767,6.903343542162327,57.34625573183092,53.07447937657164,61.33392280885418,54.34933669481968,49.775991379628586,58.66493481460555,0.2280847969104724,0.0935865954770665,0.3819154913038618,0.0001288154011546,5.303615645000697e-05,0.0002162912596931,1.0,1.0,1.0,0.0234550702606219,0.0198605673382603,0.0276310017715348
US-101,residual_idm_certified_r0.2,models,all,30.0,7626.615384615385,7460.292307692307,7809.85,10.73627842165224,10.009882531238828,11.544078775253285,8010.0,7920.000000000001,8100.0,8823.0,8703.95,8954.025,0.0464036531078201,0.032258064516129,0.0571308307503921,0.0051282051282051,0.0012820512820512,0.0102564102564102,976.3088034735242,929.5644639591789,1025.0325225007489,2.466666666666667,2.066666666666667,2.833333333333333,-7.043530841373311,-7.616565966963853,-6.578418383069158,-5.3609451949469324,-5.560530877243424,-5.187629381555565,6.68988240125763,6.099198661464968,7.355176378094612,57.93139613584007,53.652757697967104,61.92592272523863,55.12783422642208,50.58664909785342,59.43252514612873,0.0589967763299644,0.0,0.1474935780669347,3.3517689048866065e-05,0.0,8.380264838612917e-05,1.0,1.0,1.0,0.0283259086150559,0.0235472085379037,0.0338007981518086
US-101,residual_idm_certified_r0.5,models,all,30.0,7628.3076923076915,7464.457692307691,7804.173076923076,10.257052359919404,9.574392324182892,11.011158275302469,8059.319047619047,7897.358253968254,8219.236825396825,8794.0,8668.0,8930.125,0.0835623932603422,0.0689398763484692,0.0959289627234176,0.173076923076923,0.1294871794871794,0.2166666666666666,919.7698349692812,889.0076848954219,949.2559836367255,2.4,2.033333333333333,2.7666666666666666,-5.61093508313328,-5.872168836944552,-5.381228936127637,-4.953182698024031,-5.055281657194654,-4.845366298272172,10.79523093270471,9.57499209613336,12.083878810495449,60.53096647746303,56.04465067037347,64.7054667301796,58.27325057133933,53.42011128316892,62.84351141342867,0.1612542941925264,0.0595137705397795,0.2919009874452521,8.997588539496206e-05,3.3433634236041456e-05,0.0001632296056241,1.0,1.0,1.0,0.2753666382991147,0.1662426141087506,0.4103861211995495
US-101,residual_idm_free_r0.3,models,all,30.0,7620.615384615385,7460.0,7808.469230769229,10.115652433731018,9.477040899623088,10.84962534363908,6995.260304607674,6801.88249759013,7176.502731829575,9273.0,9145.975,9398.05,0.2438993680933566,0.2199313504020607,0.2694155128242261,0.4474358974358974,0.3576602564102564,0.5346474358974359,1291.8722563832737,1233.651158872172,1343.004558507298,2.033333333333333,1.7,2.333333333333333,-3.3002264485132278,-3.507913542704908,-3.1324648467501617,-3.043165163330045,-3.120880096400916,-2.966233751092727,11.899006302864215,11.122324980821858,12.704928499664437,60.38890060531866,56.10371980994292,64.32980675430767,55.33184105200099,51.421066172474,59.248995957330905,0.0346739883212968,0.0,0.1040219649638904,1.9201228878648237e-05,0.0,5.760368663594469e-05,1.0,1.0,1.0,2.044235075706091,1.1726186870638498,2.93413607942544
US-101,idm_core_margin,idm,all,30.0,7606.76923076923,7433.380769230769,7796.015384615383,10.970265255108092,10.221905722745138,11.805377242310875,,,,8762.0,8620.875,8911.05,,,,0.0,0.0,0.0,1020.178020334428,965.8208599479456,1078.7380524764012,2.533333333333333,2.1,2.933333333333333,-7.336282487463047,-7.869076336206898,-6.87508164946361,-5.8879654938606025,-6.294146870664261,-5.497846374350003,6.1766095107989125,5.676984077624104,6.740231619093011,56.81859884034388,52.535759639381496,60.80386907998369,53.64245605576369,49.06403501977064,57.91383637239991,0.4220812600256802,0.1620611101475289,0.7480881671211037,0.0002390948925958,9.18288593560006e-05,0.0004237788732163,1.0,1.0,1.0,0.0220097994145444,0.0184814413781401,0.0258574126548645
US-101,idm_margin_i80,idm,all,30.0,7585.384615384614,7412.907692307692,7769.86923076923,10.153056277099925,9.460212017559966,10.933301638074331,7430.333424246891,7330.482278183203,7549.7887307115825,8537.0,8407.9,8670.025,0.1292182697691674,0.1214669617084524,0.1374413677894413,0.4512820512820512,0.3499999999999999,0.5410576923076923,657.717551976778,647.135446190513,668.5104920947123,2.0,1.7,2.267499999999999,-7.536854735339011,-8.9380031896059,-6.40228851704808,-3.9310809839495273,-4.026358530799329,-3.830117190039326,8.579945319785368,7.788068032405944,9.46849001399829,61.23160903273904,56.78314111759252,65.34165842391576,59.64533930911406,54.96628149376403,63.78649326694235,0.0678630714050957,0.0,0.1686422926030184,3.75706605622543e-05,0.0,9.346640816867204e-05,1.0,1.0,1.0,4.356620059157734,3.9281497852453375,4.868502541414333
US-101,residual_idm_margin_free_r0.3,models,all,30.0,7621.692307692308,7460.096153846153,7803.426923076923,10.58318427634603,9.876055811622376,11.37968621259744,7851.111111111111,7420.0,8093.333333333333,8809.0,8682.975,8939.025,0.0654348435808586,0.0357349458924761,0.1180648364840387,0.0179487179487179,0.0063782051282051,0.0346153846153846,946.3951583159486,904.1365146598328,990.1669974815812,2.533333333333333,2.1,2.9,-7.253899994094568,-7.839393648758773,-6.744101952860756,-5.439846194913568,-5.721058250185399,-5.196896742883409,6.799658197210689,6.261607549143807,7.406198562191797,58.54909760153907,54.2751463954679,62.55149177398398,55.85665684941308,51.36515924920354,60.15295079625452,0.2958097630887382,0.1280953670270968,0.4831299729491846,0.0001655644211743,7.188965796338946e-05,0.0002712274591981,1.0,1.0,1.0,0.0859213897381635,0.030151582053562,0.1913775672356353
I-80,ground truth,truth,i80_p0,,7990.909090909092,,,7.711821176889291,,,7984.0,,,8670.0,,,0.0791234140715109,,,0.6818181818181818,,,747.9874241876266,,,3.0,,,-5.433919818859058,,,-7.364341085271301,,,5.923954413152381,,,57.41949926888166,,,60.94457659126235,,,0.0,,,0.0,,,1.0,,,0.0,,
I-80,ground truth,truth,i80_p1,,7118.181818181819,,,5.2529919116577295,,,7118.181818181818,,,8370.0,,,0.1495601173020527,,,1.0,,,1023.3330528611256,,,3.0,,,-5.563829553488807,,,-7.7441077441077795,,,3.4624172142495526,,,78.5530875200064,,,80.52355373188527,,,0.0,,,0.0,,,1.0,,,0.0,,
I-80,ground truth,truth,i80_p2,,7265.454545454546,,,5.212736877991844,,,7265.454545454545,,,9180.0,,,0.2085561497326203,,,1.0,,,1012.2243294983332,,,5.0,,,-5.406279110281936,,,-6.067000791347953,,,4.138891975969926,,,82.39743981175396,,,76.79405705608366,,,0.0,,,0.0,,,1.0,,,0.0,,
US-101,ground truth,truth,us101_p0,,8307.692307692307,,,11.34092188747974,,,8124.705882352941,,,9090.0,,,0.1061929722384003,,,0.6538461538461539,,,663.5366771685506,,,1.0,,,-6.028416945886693,,,-5.5672529105771815,,,10.249397429174492,,,51.35941152517791,,,47.680216245190536,,,0.0,,,0.0,,,1.0,,,0.0,,
US-101,ground truth,truth,us101_p1,,7592.307692307692,,,8.820748400248217,,,7113.333333333333,,,8940.0,,,0.2043251304996272,,,0.6923076923076923,,,758.2068046909668,,,3.0,,,-5.50261774294827,,,-5.337845861536659,,,7.854223120818056,,,69.75650601017867,,,69.3682969648226,,,0.0,,,0.0,,,1.0,,,0.0,,
US-101,ground truth,truth,us101_p2,,7273.846153846153,,,7.661208754787064,,,7286.4,,,8100.0,,,0.1004444444444444,,,0.9615384615384616,,,648.6190642228472,,,5.0,,,-5.417209840026259,,,-5.641315261044215,,,6.423798122428421,,,79.01262342139624,,,80.03502329652395,,,0.0,,,0.0,,,1.0,,,0.0,,
