architecture,arm,experiment,omega,equilibria,flagged,speeds,abs_diff_median,abs_diff_q90,sign_agreement,sign_disagree,disagree_blind,abs_diff_exact_median,slow_pole_median,locally_unstable,residual_large
idm,E1,e1,0.02,25,0,25,0.0001960659872679,0.0568142894241071,0.96,1,1,1.317090165819934e-05,0.0446220997054972,0,0
idm,E1,e1,0.0242305531725717,25,0,25,0.0003934745773244,0.0992732248048474,0.96,1,1,1.5960250413060706e-05,0.0446220997054972,0,0
idm,E1,e1,0.0293559853524414,25,0,25,0.0007807606288408,0.1717849029498047,0.96,1,1,2.1358958525619087e-05,0.0446220997054972,0,0
mlp,E1,e1,0.02,26,0,26,0.0098791762316442,0.0454150312045263,1.0,0,0,1.2141975532453664e-05,0.0294317008763226,0,0
mlp,E1,e1,0.0242305531725717,26,0,26,0.0185354255573203,0.0763497676661028,1.0,0,0,3.090451130044469e-05,0.0294317008763226,0,0
mlp,E1,e1,0.0293559853524414,26,0,26,0.0334902000479435,0.1246816993608724,1.0,0,0,4.644571119594154e-05,0.0294317008763226,0,0
mlp,E2,e2_jacobian_w1,0.02,26,0,26,0.0083829363534342,0.0502704518894511,1.0,0,0,2.109475619072043e-06,0.0176411629515993,0,0
mlp,E2,e2_jacobian_w1,0.0242305531725717,26,0,26,0.0146321650269358,0.0828498290242702,1.0,0,0,8.744061871401865e-06,0.0176411629515993,0,0
mlp,E2,e2_jacobian_w1,0.0293559853524414,26,0,26,0.0244888197749701,0.1345917929193046,1.0,0,0,1.961376853898411e-05,0.0176411629515993,0,0
pidl,E1,e1,0.02,26,0,26,0.002062809553421,0.050466365075416,1.0,0,0,2.511428826335038e-05,0.0402594830603079,0,0
pidl,E1,e1,0.0242305531725717,26,0,26,0.0040893461297585,0.0906685832032482,1.0,0,0,2.5143159396445736e-05,0.0402594830603079,0,0
pidl,E1,e1,0.0293559853524414,26,0,26,0.0077940303032972,0.1579567419093466,1.0,0,0,6.0305949413197446e-05,0.0402594830603079,0,0
pidl,E2,e2_jacobian_w10,0.02,26,0,26,0.0073124471202191,0.014929600273005,1.0,0,0,3.2147856461883784e-06,0.021413299439707,0,0
pidl,E2,e2_jacobian_w10,0.0242305531725717,26,0,26,0.0128055203920996,0.0262668480311844,1.0,0,0,6.701665748676255e-06,0.021413299439707,0,0
pidl,E2,e2_jacobian_w10,0.0293559853524414,26,0,26,0.0216846869101656,0.0447792657645858,1.0,0,0,1.6952910694811862e-05,0.021413299439707,0,0
residual_idm,E1,e1,0.02,26,0,26,0.0009546555996799,0.0046181863370019,1.0,0,0,7.080041504847756e-06,0.0369039956976919,0,0
residual_idm,E1,e1,0.0242305531725717,26,0,26,0.0018274762784379,0.0080226482279865,1.0,0,0,7.93629091566661e-06,0.0369039956976919,0,0
residual_idm,E1,e1,0.0293559853524414,26,0,26,0.0034476745006014,0.0134769190496492,1.0,0,0,1.002886837619954e-05,0.0369039956976919,0,0
residual_idm,E2,e2_jacobian_w0.1,0.02,24,0,24,0.0005845915760445,0.0098527751953662,1.0,0,0,8.187934985137701e-06,0.0334266432192752,0,0
residual_idm,E2,e2_jacobian_w0.1,0.0242305531725717,24,0,24,0.0010942677339443,0.016999898719663,0.9583333333333334,1,0,1.1206598599988736e-05,0.0334266432192752,0,0
residual_idm,E2,e2_jacobian_w0.1,0.0293559853524414,24,0,24,0.0020115215263399,0.028419323875658,0.9583333333333334,1,1,1.4925625519801589e-05,0.0334266432192752,0,0
gru,E1,e1,0.02,22,0,22,0.187659766286794,0.6074379327022057,0.7727272727272727,5,0,0.1946081252701005,0.0385335864844429,0,0
gru,E1,e1,0.0242305531725717,22,0,22,0.2658366483884675,0.7967174678849784,0.7727272727272727,5,1,0.2557364311126573,0.0385335864844429,0,1
gru,E1,e1,0.0293559853524414,22,0,22,0.3725925060358644,1.039343873299605,0.7727272727272727,5,1,0.3097792323735125,0.0385335864844429,0,1
gru,E2,e2_gain_w0.1,0.02,26,0,26,0.0229139611045522,0.0385978957129462,1.0,0,0,0.0234172668353827,0.1455705801013737,2,3
gru,E2,e2_gain_w0.1,0.0242305531725717,26,0,26,0.0286888058934449,0.0539566866301662,1.0,0,0,0.0310372990241012,0.1455705801013737,2,3
gru,E2,e2_gain_w0.1,0.0293559853524414,26,0,26,0.0422884825209841,0.0760032245785899,1.0,0,0,0.0446699548814167,0.1455705801013737,2,3
lstm,E1,e1,0.02,21,3,18,0.2792676730186416,0.4462800340899777,0.7222222222222222,5,0,0.1443481051631103,0.0300811815711162,3,3
lstm,E1,e1,0.0242305531725717,21,3,18,0.3969139966548355,0.6104896689474244,0.7222222222222222,5,0,0.1697554972347479,0.0300811815711162,3,3
lstm,E1,e1,0.0293559853524414,21,3,18,0.5856083203246017,0.8318964733635528,0.7222222222222222,5,0,0.1352993961384953,0.0300811815711162,3,3
lstm,E2,e2_gain_w0.1,0.02,26,0,26,0.0079389740115592,0.1517872744769282,0.9615384615384616,1,0,0.0001979378163057,0.0222265418631692,0,2
lstm,E2,e2_gain_w0.1,0.0242305531725717,26,0,26,0.0134570666955671,0.2756246497519928,0.9615384615384616,1,0,0.000181307150432,0.0222265418631692,0,2
lstm,E2,e2_gain_w0.1,0.0293559853524414,26,0,26,0.0222832816615543,0.5452930791131984,0.9615384615384616,1,0,0.0001414716811198,0.0222265418631692,0,2
perl,E1,e1,0.02,26,2,24,0.0955385645439013,0.1594903241972562,0.7916666666666666,5,0,0.1128444835911521,0.1189287421516393,11,2
perl,E1,e1,0.0242305531725717,26,2,24,0.1373125767324978,0.2217324674261719,0.7916666666666666,5,1,0.1731657270891947,0.1189287421516393,11,2
perl,E1,e1,0.0293559853524414,26,2,24,0.1940092174460377,0.3171425719849759,0.7916666666666666,5,1,0.2562931837280855,0.1189287421516393,11,2
perl,E2,e2_gain_w0.1,0.02,24,11,13,0.303542599406209,19.161871414558057,0.6153846153846154,5,0,0.2832907878577192,0.0299220028413534,11,11
perl,E2,e2_gain_w0.1,0.0242305531725717,24,9,15,3.848616722386224,14.137970499273107,0.9333333333333332,1,0,3.915187920595278,0.0285711614270411,13,13
perl,E2,e2_gain_w0.1,0.0293559853524414,24,10,14,6.740926838578212,8.461488933447749,1.0,0,0,6.893831432972171,0.0292465821341973,13,13
