corridor,law,unstable_eq,not_stable,runs,macro_error_dynamic,macro_error_dynamic_low,macro_error_dynamic_high,collides
I-80,idm_global,0.0,0.0,30,0.3449295038066202,0.3256373876029945,0.3658443398967049,False
I-80,idm_heterogeneous,0.0916750503018108,,30,0.5202162187154292,0.4211288935980737,0.6323024197398934,False
I-80,knn,0.9241758241758242,0.9241758241758242,30,0.5079980549760763,0.4599873655349362,0.5593871292474656,True
I-80,mlp,0.9571428571428572,0.9571428571428572,30,0.4852872311551243,0.4108721359207361,0.5764615483504176,True
I-80,pidl,0.9076923076923076,0.923076923076923,30,0.3865572317116789,0.3317160024643211,0.4655813199303623,True
I-80,gru,0.7153846153846154,0.7307692307692308,30,0.3124451919290523,0.2612479292551037,0.3730289118411763,True
I-80,lstm,0.7329670329670329,0.7483516483516484,30,0.6565047776081442,0.5770546935519522,0.7543761359453506,True
I-80,perl,0.9395604395604396,0.9395604395604396,30,0.6518097256221564,0.5856250087957189,0.7182316142887015,True
I-80,residual_idm,0.0296703296703296,0.0296703296703296,30,0.2677374367979473,0.2037565518706065,0.3685697809885618,False
I-80,residual_idm_certified,0.0,0.0,30,0.1895985014285731,0.1587612071599303,0.2281636928388989,False
I-80,mlp_penalty,0.0,0.0,30,0.4231497558937694,0.3856425974598499,0.4587512834179597,True
I-80,gru_penalty,0.3593406593406593,0.3593406593406593,30,0.3626531328003018,0.2825946058327661,0.4621082864785081,True
I-80,lstm_penalty,0.4989010989010989,0.4989010989010989,30,0.6840404977191293,0.6006894725541951,0.7719939378936194,True
I-80,idm_heterogeneous_all,0.1646750191384879,,30,0.5732996239722302,0.4328359546036515,0.7383594528533016,False
I-80,residual_idm_certified_het,0.0,,30,0.3683283658639807,0.3026769856301377,0.4366296861061953,False
I-80,idm_global_p0,0.0,,20,0.3224918592867658,0.2958412998067184,0.3468819216446752,False
I-80,residual_idm_certified_p0,0.0,0.0,20,0.2816190977656252,0.2229709484451977,0.3441138145496604,False
I-80,mlp_p0,0.9411764705882352,0.9625,20,0.3377979693532146,0.3083937946086157,0.3723462036714028,True
I-80,gru_p0,0.7906862745098039,0.8125,20,0.1819337699795889,0.1479057510402781,0.2164000492933301,True
I-80,idm_core_margin,0.0,,30,0.3008929799681814,0.2536965502947674,0.3563548763350715,False
I-80,idm_margin_i80,0.0,,30,0.4793229181063045,0.3554396475216576,0.6236142949821656,False
I-80,residual_idm_margin_free_r0.3,0.0,0.0,30,0.2813899949245709,0.2286053007551134,0.3369173238040194,True
US-101,idm_global,0.0,0.0,30,0.2286318749397717,0.1829965196138584,0.2881712358950999,True
US-101,idm_heterogeneous,0.0916750503018108,,30,0.1962247094039282,0.1515859843648363,0.2431402519152919,True
US-101,knn,0.9241758241758242,0.9241758241758242,30,0.5831514908085732,0.5047190488008351,0.6823426568571194,True
US-101,mlp,0.9571428571428572,0.9571428571428572,30,0.6513897678489794,0.5442291923496382,0.7745691067656728,True
US-101,pidl,0.9076923076923076,0.923076923076923,30,0.5261663520954687,0.4521682084617964,0.6119325683533181,True
US-101,gru,0.7153846153846154,0.7307692307692308,30,0.5166253461727046,0.4027053775520809,0.6516028566374491,True
US-101,lstm,0.7329670329670329,0.7483516483516484,30,0.8374087808506179,0.6980591678268553,0.9975594983306548,True
US-101,perl,0.9395604395604396,0.9395604395604396,30,0.6853138330314362,0.6419204668466495,0.7340301716124805,True
US-101,residual_idm,0.0296703296703296,0.0296703296703296,30,0.2555114347016787,0.2131154849326104,0.2968608473893948,True
US-101,residual_idm_certified,0.0,0.0,30,0.1221404551940999,0.1071682436741096,0.1351188165992127,True
US-101,mlp_penalty,0.0,0.0,30,0.5175755076422637,0.4395274173190999,0.6025144172644774,True
US-101,gru_penalty,0.3593406593406593,0.3593406593406593,30,0.457558964028018,0.3537396084173473,0.5808106225853694,True
US-101,lstm_penalty,0.4989010989010989,0.4989010989010989,30,0.7864217649627725,0.6632014851175215,0.9383995494347532,True
US-101,residual_idm_certified_het,0.0,,30,0.2655137381935367,0.2341244628710625,0.3000224569497898,True
US-101,idm_core_margin,0.0,,30,0.222286807671826,0.2065560692022907,0.2365731821139187,True
US-101,idm_margin_i80,0.0,,30,0.2095944121947957,0.1792372015685963,0.2476929361799635,True
US-101,residual_idm_margin_free_r0.3,0.0,0.0,30,0.1894167222238737,0.1740699270353395,0.2029718934638262,True
