corridor,error,measure,laws,method,n,estimate,estimate_low,estimate_high,n_valid,p_permutation
I-80,macro error (dynamic),unstable among equilibria,all laws,spearman,15,0.4955156044825573,0.0705931629190394,0.7623929130184464,1000,0.0590940905909409
I-80,macro error (dynamic),unstable among equilibria,all laws,pearson,15,0.4568415054800242,0.0753839269787954,0.7340938676951083,1000,0.0836916308369163
I-80,macro error (dynamic),unstable among equilibria,laws without collisions,spearman,6,0.6982532518267537,-0.4264014327112208,1.0,980,0.1723827617238276
I-80,macro error (dynamic),unstable among equilibria,laws without collisions,pearson,6,0.8523987193580084,-0.3611336437835581,0.9974611997295918,980,0.0240975902409759
I-80,macro error (dynamic),band share not stable,all laws,spearman,12,0.570436680315239,0.0741699646684811,0.854984018179671,1000,0.055994400559944
I-80,macro error (dynamic),band share not stable,all laws,pearson,12,0.5723650936779618,0.1686132262431264,0.8372063268823008,1000,0.0545945405459454
I-80,macro error (dynamic),band share not stable,laws without collisions,spearman,3,0.0,-0.9999999999999998,0.9999999999999998,649,1.0
I-80,macro error (dynamic),band share not stable,laws without collisions,pearson,3,0.003519396057202,-1.0,1.0,649,1.0
US-101,macro error (dynamic),unstable among equilibria,all laws,spearman,14,0.7333786050149109,0.3659500372923613,0.9329237080294178,1000,0.0036996300369963
US-101,macro error (dynamic),unstable among equilibria,all laws,pearson,14,0.7645990943059687,0.5623727505104061,0.9505049980258816,1000,0.0022997700229977
US-101,macro error (dynamic),unstable among equilibria,laws without collisions,spearman,0,,,,0,
US-101,macro error (dynamic),unstable among equilibria,laws without collisions,pearson,0,,,,0,
US-101,macro error (dynamic),band share not stable,all laws,spearman,12,0.7112852433560387,0.2972727158874972,0.9639666405097016,1000,0.0128987101289871
US-101,macro error (dynamic),band share not stable,all laws,pearson,12,0.7188382257840275,0.383616324484804,0.9413302665818152,1000,0.010998900109989
US-101,macro error (dynamic),band share not stable,laws without collisions,spearman,0,,,,0,
US-101,macro error (dynamic),band share not stable,laws without collisions,pearson,0,,,,0,
