variant,scenario,law,runs,runs_expected,macro_error,macro_error_low,macro_error_high,error_throughput,error_throughput_low,error_throughput_high,error_travel_time,error_travel_time_low,error_travel_time_high,error_wave_speed,error_wave_speed_low,error_wave_speed_high,collisions_per_1000_vkm,collisions_per_1000_vkm_low,collisions_per_1000_vkm_high,rank,ranking,order_holds
baseline,i80_p1,idm_global,5,5,0.1772517823936746,0.1691401728640731,0.1842850050087666,-0.0044444444444444,-0.0052107279693486,-0.0036781609195402,0.0723368373633192,0.0693843757501828,0.076212740469872,0.208190953878997,0.1780352272140858,0.2406857616449199,0.0,0.0,0.0,3,residual_idm_certified < gru < idm_global,False
baseline,i80_p1,residual_idm_certified,5,5,0.1313696502217442,0.0975849179538941,0.1636966838893354,-0.0073563218390804,-0.0081226053639846,-0.0065900383141762,0.0791198931626657,0.0763892763585128,0.0816982221947724,0.1118502238329211,0.0635713022504334,0.1683367610682399,0.0,0.0,0.0,1,residual_idm_certified < gru < idm_global,False
baseline,i80_p1,gru,5,5,0.1701053774229419,0.1608614438541426,0.1833963365551408,-0.0421455938697318,-0.0913908045977011,-0.0102528735632184,0.1460840988293632,0.101998139764095,0.2067408017326298,0.2716416864413111,0.2364761701650008,0.3208203962514398,173.32545117726835,138.96001406742994,204.049999892489,2,residual_idm_certified < gru < idm_global,False
gain0.01,i80_p1_gain0.01,idm_global,5,5,0.1647148964827524,0.140855063276069,0.1776177630651101,-0.0035249042145594,-0.0041379310344828,-0.0030651340996168,0.1102091218717345,0.106000814370818,0.1148326545733731,0.2645401190305716,0.2535739357200828,0.2759725323166133,0.0,0.0,0.0,1,idm_global < gru < residual_idm_certified,False
gain0.01,i80_p1_gain0.01,residual_idm_certified,5,5,0.23014713930857,0.1977709900467859,0.2758387884855797,-0.0096551724137931,-0.010727969348659,-0.0085823754789272,0.1220170600037312,0.1203495668232989,0.1239585119022429,0.1764528677114004,0.1433994492958428,0.2109892357648005,0.0,0.0,0.0,3,idm_global < gru < residual_idm_certified,False
gain0.01,i80_p1_gain0.01,gru,5,5,0.1832756930219459,0.1495025549321919,0.2115555194266737,-0.0255938697318007,-0.0473563218390805,-0.0070498084291187,0.1214251727897794,0.0830582954946595,0.1582861701525898,0.2389265202878551,0.2363211013519241,0.2411941693724604,169.66968449759088,134.08296184773008,204.04059616740568,2,idm_global < gru < residual_idm_certified,False
gain0.04,i80_p1_gain0.04,idm_global,5,5,0.1613391655508726,0.1525448238457049,0.1723199390440825,-0.0024521072796935,-0.0032183908045977,-0.0016858237547892,0.0632594818413745,0.0599857681413915,0.0679121754101733,0.277662621208958,0.1973121635849897,0.3552913310392757,0.0,0.0,0.0,1,idm_global < residual_idm_certified < gru,False
gain0.04,i80_p1_gain0.04,residual_idm_certified,5,5,0.1971046435452413,0.1641717585762039,0.2243563028979622,-0.0047509578544061,-0.005823754789272,-0.0036781609195402,0.0630614295922526,0.0608730246139272,0.065242193292716,0.101815578687046,0.0070461542114538,0.1923251370289261,0.0,0.0,0.0,2,idm_global < residual_idm_certified < gru,False
gain0.04,i80_p1_gain0.04,gru,5,5,0.2219617824387977,0.2049868177080822,0.2365658834596118,-0.0396934865900383,-0.0905747126436782,0.0084674329501915,0.1492522271053854,0.1246659707514657,0.1738321432743252,0.2713753881059624,0.2555200320643359,0.293360510276785,176.91407255091562,138.12223636334988,231.20524875460745,3,idm_global < residual_idm_certified < gru,False
nofeedback,i80_p1_nofeedback,idm_global,5,5,0.2731003864962689,0.2711682241497449,0.2750751673861276,0.043831417624521,0.0424521072796934,0.0456704980842911,0.3025331751861723,0.2948325466784448,0.3095082719045199,0.2426566374257617,0.2301393871891911,0.25841631282955,0.0,0.0,0.0,2,gru < idm_global < residual_idm_certified,False
nofeedback,i80_p1_nofeedback,residual_idm_certified,5,5,0.3694771774482762,0.3633660025475414,0.3753466415413101,0.0421455938697317,0.0401532567049807,0.0435249042145593,0.4435218864019616,0.4399801604823228,0.4485620854385985,-0.0720462810916805,-0.1050248631011785,-0.0383029852349057,0.0,0.0,0.0,3,gru < idm_global < residual_idm_certified,False
nofeedback,i80_p1_nofeedback,gru,5,5,0.2017164346112728,0.1874264932481243,0.2202520845316601,-0.0576245210727969,-0.0801532567049808,-0.0396934865900383,0.1584474090686029,0.1126634531495642,0.1950826418502831,0.2437299714614072,0.2239953472966234,0.260248552959291,176.08624939281225,137.97376842749364,210.3852345291973,1,gru < idm_global < residual_idm_certified,False
lc_low,i80_p1_lc_low,idm_global,5,5,0.1838027348731442,0.1732383764491492,0.1943670932971393,-0.0041379310344828,-0.0045977011494253,-0.0035249042145594,0.146479093279458,0.1363946605109045,0.1565635260480115,0.3191058851357039,0.2695930159801911,0.3686187542912167,0.0,0.0,0.0,1,idm_global < residual_idm_certified < gru,False
lc_low,i80_p1_lc_low,residual_idm_certified,5,5,0.2269532312508549,0.1784675528020098,0.2728191316464203,-0.0090421455938697,-0.0095019157088123,-0.0085823754789272,0.1393206891631523,0.1323639637495808,0.1469193710112797,0.1035903023625971,-0.0121351525815103,0.2193157573067045,0.0,0.0,0.0,2,idm_global < residual_idm_certified < gru,False
lc_low,i80_p1_lc_low,gru,5,5,0.2518471690296104,0.2106090366236692,0.3059063034828308,-0.0905747126436781,-0.1836590038314175,-0.0140498084291188,0.1851374010205453,0.176041490318415,0.1942333117226756,0.1092296096114937,-0.1065689416116047,0.3213934840142103,133.16042074075216,98.29653945957266,175.0944365448744,3,idm_global < residual_idm_certified < gru,False
lc_high,i80_p1_lc_high,idm_global,5,5,0.1563576796778077,0.1507045739096856,0.1603422542356787,-0.0045977011494253,-0.0052107279693486,-0.0039846743295019,0.0460717205047613,0.0433807621503375,0.0504554539870711,0.2067093994769381,0.1624349461003258,0.2350868312285589,0.0,0.0,0.0,2,gru < idm_global < residual_idm_certified,False
lc_high,i80_p1_lc_high,residual_idm_certified,5,5,0.2011764512101585,0.164030722576694,0.2474878901795235,-0.0081226053639846,-0.008735632183908,-0.0073563218390804,0.0595429186403875,0.0573521065821306,0.0612468002893933,0.1892333164559341,0.1564584203768442,0.2220082125350239,0.0,0.0,0.0,3,gru < idm_global < residual_idm_certified,False
lc_high,i80_p1_lc_high,gru,5,5,0.1559730264947892,0.1205724247154719,0.1920291668480825,-0.0288122605363984,-0.048735632183908,-0.0088888888888888,0.1048404316391076,0.0850444767115737,0.1246363865666415,0.2485800489066205,0.2298221158272622,0.2632745522636234,310.17989541872055,299.42511772652705,320.83049184419104,1,gru < idm_global < residual_idm_certified,False
