architecture,threshold,runs,runs_expected,flagged,unstable_eq,unstable_eq_low,unstable_eq_high,band_unstable,band_unstable_low,band_unstable_high,band_not_stable,band_not_stable_low,band_not_stable_high,band_stable,band_outside,band_none,band_indifferent,band_undefined,unstable_eq_change,unstable_eq_change_low,unstable_eq_change_high,pairs,h1_1_share_rule,reproduction_error
mlp,1.0,25,25,545,0.990909090909091,0.981818181818182,0.9981818181818182,0.989090909090909,0.9781818181818182,0.9981818181818182,0.990909090909091,0.981818181818182,0.9981818181818182,0.009090909090909,0.0018181818181818,0.0,0.0,0.0,0.049090909090909,0.0272727272727272,0.0727272727272727,25,met,
mlp,1.01,25,25,538,0.9781818181818182,0.961818181818182,0.9927272727272728,0.9763636363636362,0.958181818181818,0.990909090909091,0.9781818181818182,0.961818181818182,0.9927272727272728,0.0218181818181818,0.0018181818181818,0.0,0.0,0.0,0.0363636363636363,0.0181818181818181,0.0563636363636363,25,met,
mlp,1.02,25,25,518,0.941818181818182,0.9127272727272728,0.9654545454545456,0.9400000000000002,0.9109090909090908,0.9636363636363636,0.941818181818182,0.9127272727272726,0.9654545454545456,0.0581818181818181,0.0018181818181818,0.0,0.0,0.0,0.0,0.0,0.0,25,met,0.0
mlp,1.05,25,25,191,0.3472727272727273,0.2963636363636364,0.4,0.3454545454545454,0.2945454545454545,0.3981818181818182,0.3472727272727273,0.2963636363636364,0.4,0.6527272727272727,0.0018181818181818,0.0,0.0,0.0,-0.5945454545454545,-0.64,-0.5435909090909092,25,not met,
pidl,1.0,25,25,541,0.9836363636363636,0.9727272727272728,0.9927272727272728,0.9836363636363636,0.9727272727272728,0.9927272727272728,0.9836363636363636,0.9727272727272728,0.9927272727272728,0.0163636363636363,0.0,0.0,0.0,0.0,0.14,0.1018181818181818,0.1763636363636363,25,met,
pidl,1.01,25,25,523,0.9509090909090908,0.9327272727272726,0.9690909090909092,0.9509090909090908,0.9327272727272726,0.9690909090909092,0.9509090909090908,0.9327272727272726,0.9690909090909092,0.049090909090909,0.0,0.0,0.0,0.0,0.1072727272727272,0.0727272727272727,0.14,25,met,
pidl,1.02,25,25,464,0.8436363636363636,0.805409090909091,0.8836363636363638,0.8436363636363636,0.805409090909091,0.8836363636363638,0.8436363636363636,0.805409090909091,0.8836363636363638,0.1563636363636363,0.0,0.0,0.0,0.0,0.0,0.0,0.0,25,met,0.0
pidl,1.05,25,25,286,0.5199999999999999,0.4781363636363636,0.5654545454545454,0.5199999999999999,0.4781363636363636,0.5654545454545454,0.5199999999999999,0.4781363636363636,0.5654545454545454,0.4800000000000001,0.0,0.0,0.0,0.0,-0.3236363636363636,-0.36,-0.2872727272727273,25,met,
residual_idm,1.0,25,25,498,0.9054545454545456,0.889090909090909,0.9200454545454546,0.9054545454545456,0.889090909090909,0.9200454545454546,0.9054545454545456,0.889090909090909,0.9200454545454546,0.0945454545454545,0.0,0.0,0.0,0.0,0.5945454545454545,0.5709090909090908,0.6182272727272726,25,met,
residual_idm,1.01,25,25,352,0.64,0.6145454545454546,0.6618181818181819,0.64,0.6145454545454546,0.6618181818181819,0.64,0.6145454545454545,0.6618181818181819,0.3599999999999999,0.0,0.0,0.0,0.0,0.329090909090909,0.3108636363636363,0.3472727272727273,25,met,
residual_idm,1.02,25,25,171,0.3109090909090909,0.2818181818181818,0.3418181818181818,0.3109090909090909,0.2818181818181818,0.3418181818181818,0.3109090909090909,0.2818181818181818,0.3418181818181818,0.6890909090909091,0.0,0.0,0.0,0.0,0.0,0.0,0.0,25,not met,0.0
residual_idm,1.05,25,25,0,0.0,0.0,0.0,0.0,0.0,0.0,0.0,0.0,0.0,1.0,0.0,0.0,0.0,0.0,-0.3109090909090909,-0.3418181818181818,-0.2818181818181818,25,not met,
gru,1.0,25,25,477,0.9145454545454546,0.8812363636363636,0.9483681818181818,0.5836363636363636,0.5181363636363636,0.649090909090909,0.941818181818182,0.9127272727272728,0.9672727272727272,0.0581818181818181,0.3090909090909091,0.049090909090909,0.0,0.0,0.0566145667198298,0.0352709197235513,0.0797854864433811,25,met,
gru,1.01,25,25,462,0.8858543328017012,0.8431170653907495,0.9236368686868688,0.5581818181818182,0.4927272727272727,0.6236363636363635,0.9163636363636364,0.88,0.9473181818181818,0.0836363636363636,0.3090909090909091,0.049090909090909,0.0,0.0,0.0279234449760765,0.0134806220095693,0.0421844497607655,25,met,
gru,1.02,25,25,447,0.8579308878256247,0.8041468367889422,0.9065212121212122,0.5309090909090909,0.4654545454545454,0.5963636363636363,0.889090909090909,0.8436363636363637,0.9327272727272726,0.1109090909090909,0.3090909090909091,0.049090909090909,0.0,0.0,0.0,0.0,0.0,25,met,0.0
gru,1.05,25,25,424,0.8142765112424556,0.7477303030303031,0.8772925931138005,0.4927272727272727,0.4254090909090909,0.5618636363636363,0.8509090909090908,0.7945000000000001,0.9054545454545456,0.1490909090909091,0.3090909090909091,0.049090909090909,0.0,0.0,-0.0436543765831691,-0.0667723050942865,-0.022965522094005,25,met,
lstm,1.0,25,25,450,0.9379044045050238,0.9112075286254852,0.9636433735854788,0.4418181818181819,0.3618181818181818,0.5218181818181818,0.96,0.941818181818182,0.9763636363636364,0.04,0.3945454545454546,0.1236363636363636,0.0,0.0,0.0132827523353839,0.0056363636363636,0.0210346206425153,25,met,
lstm,1.01,25,25,443,0.9246216521696398,0.8939869437408138,0.9553954963165492,0.4290909090909091,0.3527272727272727,0.5109545454545454,0.9472727272727272,0.9254090909090908,0.9690909090909092,0.0527272727272727,0.3945454545454546,0.1236363636363636,0.0,0.0,0.0,0.0,0.0,25,met,
lstm,1.02,25,25,443,0.9246216521696398,0.8939869437408138,0.9553954963165492,0.4290909090909091,0.3527272727272727,0.5109545454545454,0.9472727272727272,0.9254090909090908,0.9690909090909092,0.0527272727272727,0.3945454545454546,0.1236363636363636,0.0,0.0,0.0,0.0,0.0,25,met,0.0
lstm,1.05,25,25,424,0.8873372021854994,0.8488524988942946,0.929035724337582,0.4018181818181818,0.3309090909090909,0.48,0.92,0.889090909090909,0.9509090909090908,0.08,0.3945454545454546,0.1236363636363636,0.0,0.0,-0.0372844499841403,-0.0560457688338493,-0.0216851375318867,25,met,
perl,1.0,25,25,527,0.9757864357864358,0.959161616161616,0.9904184704184704,0.6654545454545453,0.5909090909090909,0.7454545454545455,0.98,0.9690909090909092,0.990909090909091,0.02,0.2963636363636364,0.0181818181818181,0.0,0.0,0.0214141414141414,0.0018181818181818,0.0507070707070706,25,met,
perl,1.01,25,25,521,0.9638095238095238,0.941904761904762,0.98537012987013,0.66,0.585409090909091,0.7381818181818182,0.9745454545454544,0.96,0.9872727272727272,0.0254545454545454,0.2963636363636364,0.0181818181818181,0.0,0.0,0.0094372294372294,0.0,0.0264935064935064,25,met,
perl,1.02,25,25,516,0.9543722943722944,0.922077922077922,0.9835497835497836,0.66,0.585409090909091,0.7381818181818182,0.9745454545454544,0.96,0.9872727272727272,0.0254545454545454,0.2963636363636364,0.0181818181818181,0.0,0.0,0.0,0.0,0.0,25,met,0.0
perl,1.05,25,25,506,0.9355266955266957,0.9012388167388168,0.9685757575757576,0.6418181818181817,0.5672727272727274,0.7181818181818181,0.9563636363636364,0.9363636363636364,0.9763636363636362,0.0436363636363636,0.2963636363636364,0.0181818181818181,0.0,0.0,-0.0188455988455988,-0.0304184704184704,-0.0073593073593073,25,met,
idm,1.0,5,5,71,0.6454545454545454,0.6363636363636364,0.6636363636363636,0.6181818181818182,0.6,0.6363636363636364,0.6818181818181819,0.6818181818181819,0.6818181818181819,0.3181818181818182,0.0636363636363636,0.0,0.0,0.0,0.4909090909090909,0.4727272727272726,0.5,5,met,
idm,1.01,5,5,36,0.3272727272727272,0.3181818181818182,0.3454545454545454,0.2999999999999999,0.2818181818181818,0.3181818181818182,0.3636363636363636,0.3636363636363636,0.3636363636363636,0.6363636363636364,0.0636363636363636,0.0,0.0,0.0,0.1727272727272727,0.1545454545454545,0.1818181818181818,5,not met,
idm,1.02,5,5,17,0.1545454545454545,0.1363636363636363,0.1727272727272727,0.1363636363636363,0.1,0.1727272727272727,0.1999999999999999,0.1818181818181817,0.2181818181818181,0.8,0.0636363636363636,0.0,0.0,0.0,0.0,0.0,0.0,5,not met,0.0
idm,1.05,5,5,0,0.0,0.0,0.0,0.0,0.0,0.0,0.0636363636363636,0.0454545454545454,0.0818181818181818,0.9363636363636364,0.0636363636363636,0.0,0.0,0.0,-0.1545454545454545,-0.1727272727272727,-0.1363636363636363,5,not met,
knn,1.0,5,5,104,0.9454545454545455,0.9181818181818182,0.9727272727272728,0.9454545454545455,0.9181818181818182,0.9727272727272728,0.9454545454545455,0.9181818181818182,0.9727272727272728,0.0545454545454545,0.0,0.0,0.0,0.0,0.0454545454545454,0.0181818181818181,0.0727272727272727,5,met,
knn,1.01,5,5,104,0.9454545454545455,0.9181818181818182,0.9727272727272728,0.9454545454545455,0.9181818181818182,0.9727272727272728,0.9454545454545455,0.9181818181818182,0.9727272727272728,0.0545454545454545,0.0,0.0,0.0,0.0,0.0454545454545454,0.0181818181818181,0.0727272727272727,5,met,
knn,1.02,5,5,99,0.9,0.8727272727272727,0.9272727272727274,0.9,0.8727272727272727,0.9272727272727274,0.9,0.8727272727272727,0.9272727272727274,0.1,0.0,0.0,0.0,0.0,0.0,0.0,0.0,5,met,0.0
knn,1.05,5,5,92,0.8363636363636365,0.7727272727272728,0.9,0.8363636363636365,0.7727272727272728,0.9,0.8363636363636365,0.7727272727272728,0.9,0.1636363636363636,0.0,0.0,0.0,0.0,-0.0636363636363636,-0.0999999999999999,-0.0272727272727272,5,met,
newell,1.0,5,5,110,1.0,1.0,1.0,0.0,0.0,0.0,1.0,1.0,1.0,0.0,0.0,0.0,1.0,0.0,1.0,1.0,1.0,5,met,
newell,1.01,5,5,0,0.0,0.0,0.0,0.0,0.0,0.0,1.0,1.0,1.0,0.0,0.0,0.0,1.0,0.0,0.0,0.0,0.0,5,not met,
newell,1.02,5,5,0,0.0,0.0,0.0,0.0,0.0,0.0,1.0,1.0,1.0,0.0,0.0,0.0,1.0,0.0,0.0,0.0,0.0,5,not met,0.0
newell,1.05,5,5,0,0.0,0.0,0.0,0.0,0.0,0.0,1.0,1.0,1.0,0.0,0.0,0.0,1.0,0.0,0.0,0.0,0.0,5,not met,
ovm,1.0,5,5,95,1.0,1.0,1.0,0.8636363636363636,0.8636363636363636,0.8636363636363636,1.0,1.0,1.0,0.0,0.0,0.1363636363636363,0.0,0.0,0.0,0.0,0.0,5,met,
ovm,1.01,5,5,95,1.0,1.0,1.0,0.8636363636363636,0.8636363636363636,0.8636363636363636,1.0,1.0,1.0,0.0,0.0,0.1363636363636363,0.0,0.0,0.0,0.0,0.0,5,met,
ovm,1.02,5,5,95,1.0,1.0,1.0,0.8636363636363636,0.8636363636363636,0.8636363636363636,1.0,1.0,1.0,0.0,0.0,0.1363636363636363,0.0,0.0,0.0,0.0,0.0,5,met,0.0
ovm,1.05,5,5,95,1.0,1.0,1.0,0.8636363636363636,0.8636363636363636,0.8636363636363636,1.0,1.0,1.0,0.0,0.0,0.1363636363636363,0.0,0.0,0.0,0.0,0.0,5,met,
persistence,1.0,5,5,0,0.0,0.0,0.0,0.0,0.0,0.0,1.0,1.0,1.0,0.0,0.0,0.0,1.0,0.0,0.0,0.0,0.0,5,not met,
persistence,1.01,5,5,0,0.0,0.0,0.0,0.0,0.0,0.0,1.0,1.0,1.0,0.0,0.0,0.0,1.0,0.0,0.0,0.0,0.0,5,not met,
persistence,1.02,5,5,0,0.0,0.0,0.0,0.0,0.0,0.0,1.0,1.0,1.0,0.0,0.0,0.0,1.0,0.0,0.0,0.0,0.0,5,not met,0.0
persistence,1.05,5,5,0,0.0,0.0,0.0,0.0,0.0,0.0,1.0,1.0,1.0,0.0,0.0,0.0,1.0,0.0,0.0,0.0,0.0,5,not met,
