corridor,metric,header,pairs,mean_reference,mean_candidate,relative_difference,relative_difference_low,relative_difference_high,wilcoxon_p,p_lower,p_upper,p_value,equivalent
I-80,throughput_vph,throughput (veh/h),30,7323.272727272729,7246.363636363636,-0.0105020110233877,-0.0138021309021566,-0.0072044667211823,1.7019164327509634e-06,8.062898623721361e-25,1.226181797123635e-35,8.062898623721361e-25,True
I-80,mean_speed,mean speed (m/s),30,6.268812319772423,6.383905513538132,0.0183596489884845,0.0141546342723134,0.0225856422413888,1.862645149230957e-09,1.1866895029385425e-17,4.283304901683168e-33,1.1866895029385425e-17,True
I-80,queue_discharge_flow,queue discharge (veh/h),30,7256.654051796157,6895.9,-0.0497135524473381,-0.0668168138522795,-0.0300696465683069,0.0001056060266758,1.0668068505005368e-05,3.1027054364819703e-17,1.0668068505005368e-05,True
I-80,flow_peak_2min,peak 2-min flow (veh/h),30,8582.0,8691.0,0.0127010020974132,0.009458881940364,0.0160893552622793,3.4704510496242127e-06,5.179739608021261e-36,6.044057686859461e-28,6.044057686859461e-28,True
I-80,capacity_drop,capacity drop,30,0.1538859718669583,0.2057183529256416,0.3368233012395356,0.2383673974944748,0.4168234611709851,6.917864084243774e-06,1.4811128721869882e-08,0.9999677388735289,0.9999677388735289,False
I-80,congested_share,congested share,30,0.7242424242424245,0.2954545454545454,-0.592050209205021,-0.6309234354589718,-0.5593456174308206,1.6322428529318055e-06,1.0,1.859900399466606e-18,1.0,False
I-80,fd_scatter,FD scatter (veh/h),30,581.8272746293296,893.0922499248721,0.5349783155041041,0.4282800012528759,0.6471646048610338,1.862645149230957e-09,4.742605113332596e-13,0.999999997442744,0.999999997442744,False
I-80,n_waves,waves,30,1.1,2.6,1.363636363636363,0.9047038327526136,2.208333333333333,3.2291183027515218e-06,4.623969640875007e-13,0.9999999997855444,0.9999999997855444,False
I-80,wave_speed_xcorr,"wave speed, cross-correlation (m/s)",30,-4.281878220138847,-5.588622950323355,0.3051802650618436,0.230669702356798,0.3815286573771517,5.587935447692871e-09,1.5416112556386577e-13,0.9999974436773758,0.9999974436773758,False
I-80,wave_speed,"wave speed, leading edges (m/s)",20,-7.03690402197322,-8.277438756595735,0.1762898471755278,-0.1178841010517437,0.5779049789957204,0.2024497985839843,0.0381851472705771,0.6692672605242056,0.6692672605242056,False
I-80,wave_amplitude,wave amplitude (m/s),20,3.7549937867771126,4.440569020664364,0.1825769289689494,0.0703652705904343,0.3354001829442891,0.0063896179199218,0.000206452684288,0.880505115954402,0.880505115954402,False
I-80,travel_time_mean,travel time mean (s),30,68.85777423408503,68.01335666130511,-0.0122632132997689,-0.0152173021013821,-0.0095017395712286,3.5390257835388184e-08,2.7347891680553204e-21,3.324509151372735e-27,2.7347891680553204e-21,True
I-80,travel_time_median,travel time median (s),30,65.32216422511425,64.96208317591388,-0.0055123870048068,-0.0139521112379053,0.0036073481460755,0.2129328530281782,5.744300910763968e-23,1.0903563733899348e-16,1.0903563733899348e-16,True
I-80,collisions_per_1000_vkm,collisions / 1000 veh-km,30,0.0,0.0,,,,,,,,
I-80,vehicles_in_contact_share,vehicles in contact,30,0.0,0.0,,,,,,,,
I-80,inserted_share,inserted share,30,1.0,1.0,0.0,0.0,0.0,1.0,0.0,0.0,0.0,True
I-80,mean_depart_delay_s,insertion delay (s),30,0.243489573999182,0.2396156287039803,-0.0159101074907412,-0.2362212643710007,0.2098394173032046,0.871207794174552,0.2359277206756446,0.1681405766911088,0.2359277206756446,False
US-101,throughput_vph,throughput (veh/h),30,7627.2307692307695,7630.153846153846,0.0003832422292593,-0.0012327455272208,0.0021073368058979,0.6982901574764621,1.6455328588634537e-37,8.832974796004511e-31,8.832974796004511e-31,True
US-101,mean_speed,mean speed (m/s),30,9.813371701292828,10.57286525600413,0.0773937417056407,0.0711933400071037,0.0841694936710937,1.862645149230957e-09,1.0433811895422729e-18,5.288527224249672e-09,5.288527224249672e-09,True
US-101,queue_discharge_flow,queue discharge (veh/h),20,7201.0703296703305,8418.0,0.1689928878094129,0.134419816405294,0.2018024967578418,1.9073486328125e-06,1.480113118786959e-13,0.9997260250779528,0.9997260250779528,False
US-101,flow_peak_2min,peak 2-min flow (veh/h),30,8531.0,8814.0,0.0331731332786309,0.0295540621060003,0.0364888740284881,1.67735964920119e-06,2.162319914233977e-34,9.784538500693222e-25,9.784538500693222e-25,True
US-101,capacity_drop,capacity drop,20,0.1350852202239119,0.0218881884321385,-0.8379675556226098,-0.9242733894054224,-0.7264568938451601,1.9073486328125e-06,0.9999996076497264,8.821637032442216e-08,0.9999996076497264,False
US-101,congested_share,congested share,30,0.4448717948717949,0.0269230769230769,-0.9394812680115274,-0.9534197546295404,-0.9262271795827124,1.6457745401868772e-06,1.0,5.065842545638304e-23,1.0,False
US-101,fd_scatter,FD scatter (veh/h),30,757.5229627042606,944.3499593917368,0.2466288230003321,0.2011491769525579,0.2925190545786089,1.862645149230957e-09,8.008627474096786e-15,0.9999992962655356,0.9999992962655356,False
US-101,n_waves,waves,30,2.2333333333333334,2.533333333333333,0.1343283582089551,-0.0142908902691512,0.2931529112492934,0.0736382701203026,0.0016316000491145,0.6696055101399598,0.6696055101399598,False
US-101,wave_speed_xcorr,"wave speed, cross-correlation (m/s)",30,-6.660111732679198,-6.186356081328648,-0.0711332888044462,-0.2504986721391843,0.1390229901680965,0.4898460879921913,0.3818896065653682,0.0809179806571732,0.3818896065653682,False
US-101,wave_speed,"wave speed, leading edges (m/s)",30,-3.5312416343299207,-5.268771112541344,0.4920449117159133,0.3974761562540323,0.5691839518058448,3.725290298461914e-09,1.0377480107780019e-19,0.9999999999995224,0.9999999999995224,False
US-101,wave_amplitude,wave amplitude (m/s),30,8.391792896719439,7.318626060567181,-0.1278829028981144,-0.1585100888501346,-0.0990887012013294,9.313225746154784e-09,0.952924704349941,3.5755741478521047e-10,0.952924704349941,False
US-101,travel_time_mean,travel time mean (s),30,62.85834597216319,58.78760816044137,-0.0647604983676238,-0.071608074206839,-0.0594161083353811,1.862645149230957e-09,9.242592181229655e-10,5.8827742016914875e-28,9.242592181229655e-10,True
US-101,travel_time_median,travel time median (s),30,60.65190114859629,56.23642520746287,-0.0728002891503032,-0.0847161404050054,-0.0620907610869004,1.862645149230957e-09,0.0001131595017856,3.9261258435955923e-22,0.0001131595017856,True
US-101,collisions_per_1000_vkm,collisions / 1000 veh-km,30,0.0297352134098149,0.2267771010907152,6.626550311418345,1.1557997432365723,,0.0279918154856657,0.005322575184782,0.9932236785627708,0.9932236785627708,False
US-101,vehicles_in_contact_share,vehicles in contact,30,1.6767270288397052e-05,0.0001271003157812,6.58026283319414,1.145603962442374,,0.0277122790251597,0.0052773980348957,0.993270926899629,0.993270926899629,False
US-101,inserted_share,inserted share,30,1.0,1.0,0.0,0.0,0.0,1.0,0.0,0.0,0.0,True
US-101,mean_depart_delay_s,insertion delay (s),30,1.8625297330131796,0.0365162470795651,-0.9803942742860328,-0.9833989291962943,-0.9757635717000648,1.862645149230957e-09,0.9999980451700556,1.8865073340497572e-06,0.9999980451700556,False
