architecture,arm,experiment,part,runs,runs_expected,speeds,poles_stable,poles_stable_low,poles_stable_high,local_stable_memoryless,local_stable_memoryless_low,local_stable_memoryless_high,windowed_unstable,windowed_unstable_low,windowed_unstable_high,numerical_unstable,numerical_unstable_low,numerical_unstable_high,gain_agreement,gain_agreement_low,gain_agreement_high,lowfreq_sign_agreement,lowfreq_sign_agreement_low,lowfreq_sign_agreement_high,lowfreq_sign_agreement_window,lowfreq_sign_agreement_window_low,lowfreq_sign_agreement_window_high,margin_sign_agreement,margin_sign_agreement_low,margin_sign_agreement_high,limit_check_window,limit_check_window_low,limit_check_window_high,poles_unstable_numerical_stable,lowest_speeds,lowest_abs_diff_median,lowest_abs_diff_q90,stored_max_abs_diff,audit_agreement_max_abs_diff
gru,E1,e1,all,25,25,620,0.9594301003344481,0.9343365217391304,0.9841846153846154,0.9295601702645182,0.901295361812101,0.9568659562176953,0.8531680956724434,0.7976263757981149,0.9066974744096483,0.8562289652376609,0.8022716433566435,0.9082362952265126,0.9934608695652173,0.9808,1.0,0.6727016780321128,0.6328655944055944,0.7177441509939334,0.9922461538461539,0.9860292307692308,0.9984000000000001,0.6711016780321128,0.6316191627213366,0.7177006644804471,1.0,1.0,1.0,0,594,8.225516667931254e-05,0.0008552730720958527,1.4246381851990009e-12,0.0
gru,E1,e1,support,25,25,523,0.989090909090909,0.9781818181818182,0.9981818181818182,0.9479553429027113,0.9227352472089314,0.9710667464114832,0.8582179691653375,0.8053573631047317,0.9073727006911219,0.8579308878256247,0.8041468367889422,0.9065212121212122,0.9960765550239234,0.9900478468899522,1.0,0.6943505287282378,0.6452485867074101,0.7400131465026204,0.990909090909091,0.9836363636363636,0.9981818181818182,0.6925323469100558,0.6461294439306823,0.738626999316473,1.0,1.0,1.0,0,517,7.769495735931997e-05,0.0008844049196851338,1.4246381851990009e-12,0.0
gru,E2,e2_gain_w0.1,all,25,25,641,0.7431818181818182,0.6417275641025642,0.8304906759906759,0.8051048951048952,0.7065314685314685,0.8908767482517482,0.8807333333333333,0.8205992307692309,0.9337362820512822,0.6422256410256411,0.5453761538461538,0.7409584615384615,0.7399538461538461,0.661141923076923,0.8184615384615386,0.8650405594405595,0.8096334265734264,0.9204195804195803,0.9969230769230769,0.9923076923076922,1.0,0.8681174825174824,0.8122938461538461,0.9219914685314684,1.0,1.0,1.0,9,476,1.3189035568073049e-05,0.0003416188152588484,6.007638830851647e-12,0.0
gru,E2,e2_gain_w0.1,support,25,25,546,0.7512727272727272,0.6363363636363637,0.8473227272727273,0.8114545454545455,0.7003590909090909,0.9058772727272726,0.9034545454545454,0.8361818181818182,0.9527272727272728,0.6345454545454545,0.5290909090909092,0.74,0.7056363636363636,0.6163272727272728,0.7947272727272727,0.8509090909090908,0.7872727272727273,0.9109090909090909,0.9963636363636365,0.990909090909091,1.0,0.8545454545454545,0.7908636363636364,0.9163636363636364,1.0,1.0,1.0,9,411,1.0287905692463184e-05,0.00033891349741344,6.007638830851647e-12,0.0
gru,E2 combined,e2_combined_j0.1,all,5,5,124,1.0,1.0,1.0,1.0,1.0,1.0,0.6582750582750583,0.48391608391608393,0.7846153846153847,0.35687645687645686,0.24358974358974356,0.5296037296037295,0.6832167832167833,0.46783216783216786,0.8958041958041958,0.8382284382284382,0.7461538461538462,0.9098426573426573,1.0,1.0,1.0,0.8382284382284382,0.7461538461538462,0.9098426573426573,1.0,1.0,1.0,0,124,2.8404030783857337e-05,0.00028174051695437633,1.84297022087776e-14,0.0
gru,E2 combined,e2_combined_j0.1,support,5,5,108,1.0,1.0,1.0,1.0,1.0,1.0,0.7072727272727273,0.530909090909091,0.8638636363636362,0.34363636363636363,0.20909090909090908,0.5254545454545454,0.6363636363636364,0.3818181818181818,0.8818181818181818,0.8309090909090908,0.7563636363636365,0.9,1.0,1.0,1.0,0.8309090909090908,0.7563636363636365,0.9,1.0,1.0,1.0,0,108,1.9340894866992642e-05,0.00022079319219104885,1.84297022087776e-14,0.0
lstm,E1,e1,all,25,25,580,0.9029265351734459,0.8609530027428712,0.93951464771308,0.8940737879206988,0.8486493059171948,0.9339607197722186,0.8777376391724218,0.844317213800692,0.9107969886635103,0.9144684561814997,0.8883316532018707,0.9402628018358452,0.960192259913999,0.9305168975951584,0.9829600286669852,0.7107804473177471,0.6742319330669332,0.7453117265152849,0.9968615384615385,0.9921230769230769,1.0,0.7139189088562087,0.6766608585312476,0.749865882069875,1.0,1.0,1.0,0,523,0.00014274737752884015,0.002441621340392364,2.19912976717751e-12,0.0
lstm,E1,e1,support,25,25,482,0.9306733947167385,0.8925092517389731,0.9628317002399046,0.9250431426158982,0.8827840068084649,0.9616241780922895,0.8881130008622269,0.8448310368166405,0.9309223039774122,0.9246216521696398,0.8939869437408138,0.9553954963165491,0.963491348692587,0.9312343157358637,0.9872783965260744,0.6917671294993276,0.6453858914778033,0.7353748878658322,0.9962770562770564,0.9906493506493507,1.0,0.6954900732222714,0.6481564993142391,0.7381797003091508,1.0,1.0,1.0,0,450,0.00013928581831296194,0.0020925823267784922,2.19912976717751e-12,0.0
lstm,E2,e2_gain_w0.1,all,25,25,644,0.9797202797202798,0.9584615384615384,0.9935664335664336,0.9935664335664336,0.9855944055944056,1.0,0.6269114219114219,0.5130128205128206,0.7317051282051282,0.36960372960372956,0.28675641025641024,0.46315967365967364,0.7242307692307692,0.6057692307692308,0.8319326923076924,0.9665734265734267,0.9054615384615389,0.9969230769230769,0.9969230769230769,0.9923076923076922,1.0,0.9665734265734267,0.9054615384615389,0.9969230769230769,1.0,1.0,1.0,0,631,4.261391761239963e-06,0.00011166990344779748,4.192202140984591e-12,0.0
lstm,E2,e2_gain_w0.1,support,25,25,548,0.9854545454545455,0.9635909090909092,0.9981818181818182,0.9963636363636365,0.990909090909091,1.0,0.6143636363636363,0.48523181818181826,0.7307727272727271,0.32800000000000007,0.25089999999999996,0.42618181818181816,0.7027272727272728,0.5736363636363637,0.8218636363636364,0.9654545454545455,0.9032727272727276,0.9963636363636365,0.9963636363636365,0.990909090909091,1.0,0.9654545454545456,0.9032727272727276,0.9963636363636365,1.0,1.0,1.0,0,540,2.639958438965806e-06,8.191948596498745e-05,4.192202140984591e-12,0.0
lstm,E2 combined,e2_combined_j0.1,all,5,5,129,0.976,0.9279999999999999,1.0,1.0,1.0,1.0,0.5101538461538462,0.31261538461538463,0.7178461538461538,0.47169230769230774,0.27415384615384614,0.7178461538461538,0.9455384615384614,0.8686153846153847,1.0,0.9683076923076923,0.9203076923076923,1.0,1.0,1.0,1.0,0.9683076923076923,0.9203076923076923,1.0,1.0,1.0,1.0,0,126,5.664307889841069e-06,0.00014816615840695935,4.884981308350689e-15,0.0
lstm,E2 combined,e2_combined_j0.1,support,5,5,109,0.9714285714285715,0.9142857142857143,1.0,1.0,1.0,1.0,0.4670995670995671,0.22727272727272724,0.7129220779220776,0.4216450216450216,0.18528138528138527,0.6978354978354979,0.9354978354978355,0.8445887445887447,1.0,0.9623376623376624,0.9051948051948052,1.0,1.0,1.0,1.0,0.9623376623376624,0.9051948051948052,1.0,1.0,1.0,1.0,0,106,2.92286289094168e-06,6.287673318122744e-05,4.884981308350689e-15,0.0
perl,E1,e1,all,25,25,620,0.863354156954157,0.8289651748251748,0.9006514529914529,0.6407942501942502,0.5561517443667444,0.7303383255633257,0.9319967365967367,0.8974467482517483,0.9638456060606061,0.9565002331002331,0.9231045221445222,0.9855355710955712,0.9724195804195804,0.9529583216783218,0.989046153846154,0.7169453213453213,0.65740659007659,0.7726561938061938,0.9934798534798536,0.986959706959707,0.9984615384615384,0.7165790209790209,0.6557977622377623,0.772757296037296,1.0,1.0,1.0,0,533,4.110107188481926e-05,0.0012069917367900198,9.706013770482969e-12,0.0
perl,E1,e1,support,25,25,540,0.9245598845598846,0.8871558441558441,0.9610497835497835,0.6465512265512265,0.5586688311688313,0.7425064935064936,0.9373160173160173,0.9016406926406927,0.9691861471861473,0.9543722943722943,0.922077922077922,0.9835497835497836,0.9793073593073593,0.9600000000000002,0.9961904761904762,0.7405194805194805,0.6820757575757576,0.7956774891774892,0.9944588744588745,0.9888311688311688,1.0,0.7386147186147187,0.6791190476190476,0.7950692640692643,1.0,1.0,1.0,0,499,3.906025977373773e-05,0.0010217087486437122,9.706013770482969e-12,0.0
perl,E2,e2_gain_w0.1,all,25,25,612,0.11533333333333333,0.033820512820512835,0.2169166666666666,0.14148717948717948,0.0481846153846154,0.25515641025641017,0.5884102564102563,0.4283769230769231,0.7564153846153846,0.9843076923076923,0.9636923076923076,1.0,0.5979487179487178,0.4338461538461539,0.7656794871794872,0.40758974358974365,0.28188461538461546,0.5513128205128206,0.8152564102564103,0.7122660256410257,0.9092660256410255,0.5431025641025641,0.401525,0.6831410256410256,1.0,1.0,1.0,0,58,0.00011972359633327656,0.002435812591065268,1.3322676295501878e-13,0.0
perl,E2,e2_gain_w0.1,support,25,25,522,0.1210909090909091,0.03636363636363637,0.2258363636363636,0.13745454545454547,0.04545454545454545,0.2520090909090909,0.5829090909090909,0.4203545454545454,0.7563727272727272,0.982909090909091,0.9614545454545456,1.0,0.5927272727272728,0.42904545454545456,0.7655,0.40945454545454546,0.27671818181818186,0.5586090909090908,0.8090909090909091,0.7072727272727274,0.9054545454545453,0.5421818181818181,0.3966363636363637,0.6786454545454544,1.0,1.0,1.0,0,53,8.652038968048892e-05,0.002116973457366634,1.3322676295501878e-13,0.0
perl,E2 combined,e2_combined_j1,all,5,5,43,1.0,1.0,1.0,1.0,1.0,1.0,0.9117647058823529,0.8235294117647058,1.0,0.9117647058823529,0.8235294117647058,1.0,1.0,1.0,1.0,1.0,1.0,1.0,0.28846153846153844,0.0,0.5769230769230769,0.28846153846153844,0.0,0.5769230769230769,1.0,1.0,1.0,0,43,0.001060717880041695,0.01766122582090707,7.23643367450677e-13,0.0
perl,E2 combined,e2_combined_j1,support,5,5,39,1.0,1.0,1.0,1.0,1.0,1.0,0.9117647058823529,0.8235294117647058,1.0,0.9117647058823529,0.8235294117647058,1.0,1.0,1.0,1.0,1.0,1.0,1.0,0.3409090909090909,0.0,0.6818181818181818,0.3409090909090909,0.0,0.6818181818181818,1.0,1.0,1.0,0,39,0.001223827175472092,0.019146212152743758,7.23643367450677e-13,0.0
