corridor,law,runs,scenario_set,anchored_throughput,anchored_throughput_low,anchored_throughput_high,anchored_mean_speed,anchored_mean_speed_low,anchored_mean_speed_high,anchored_queue_discharge_flow,anchored_queue_discharge_flow_low,anchored_queue_discharge_flow_high,anchored_travel_time,anchored_travel_time_low,anchored_travel_time_high,dynamic_fd,dynamic_fd_low,dynamic_fd_high,dynamic_wave_speed,dynamic_wave_speed_low,dynamic_wave_speed_high,dynamic_waves,dynamic_waves_low,dynamic_waves_high,dynamic_wave_amplitude,dynamic_wave_amplitude_low,dynamic_wave_amplitude_high,macro_error,macro_error_low,macro_error_high,macro_error_dynamic,macro_error_dynamic_low,macro_error_dynamic_high
I-80,idm_global,30,all,-0.018628218073316365,-0.027211597999081828,-0.010003860118209333,0.0328605955845574,0.02719811623882045,0.03850680633886972,-0.02633852505033491,-0.031091899208470903,-0.02158090745477418,0.07242436655762761,0.07048422121943126,0.07422029070555033,0.10634753765066371,0.09760388284030364,0.11484613052887929,0.21701681338099066,0.1696591847396912,0.2565905559763869,-0.7355555555555555,-0.808888888888889,-0.6688333333333333,0.010228084495906908,-0.10189923068723286,0.1226146308268275,0.182341936515302,0.17627888128716562,0.18904603361495728,0.34492950380662024,0.3256373876029945,0.36584433989670495
I-80,idm_heterogeneous,30,all,-0.04120762812948293,-0.049977676702829724,-0.03229594798694189,0.2098744341867759,0.1732707025511376,0.25017622806699996,-0.04559182753783654,-0.055124307789696014,-0.03551815610738879,0.17336224478688428,0.155780433167194,0.19338348665799918,0.15956601906394344,0.1464256986354598,0.17213793363869806,0.3479969526502465,0.041416489930478896,0.6066872430905803,-0.5111111111111111,-0.6689444444444442,-0.35333333333333333,0.6834220923102656,0.36966424084971733,1.0116501974165761,0.30248912172419457,0.2547528158259032,0.3573120092564845,0.5202162187154292,0.4211288935980737,0.6323024197398934
I-80,knn,30,all,-0.4315115645243926,-0.4425346258344964,-0.42107968673922846,-0.34732424162650993,-0.38116167790909283,-0.3151586764275263,-0.43135215583215025,-0.4422810601449605,-0.4209847853064114,0.686490676359898,0.6116625325460943,0.768014468909925,0.43268160933285943,0.42543741529940604,0.44039050897983584,0.8413838034617024,0.695550949213858,1.0154923399561926,-0.11555555555555555,-0.23116666666666666,0.00888888888888888,-0.44315018914328164,-0.5300224480600488,-0.3520826181992812,0.49025850232999846,0.46026412151593177,0.521735860621459,0.5079980549760763,0.4599873655349362,0.5593871292474656
I-80,mlp,30,all,-0.16596230336491608,-0.17959966854579656,-0.1512235874658936,-0.044776373246771986,-0.07723454464556764,-0.009523011729070203,-0.1652764176491304,-0.17895375360437835,-0.15050139438412535,0.1548706464725613,0.14743126818762964,0.16280602268713912,0.21433775391828427,0.1999238096096146,0.22806197928626115,0.7860475793862636,0.6106635501639802,1.0325249838091572,-0.48666666666666664,-0.5844444444444444,-0.3955555555555556,-0.02407469703831586,-0.1826527332719178,0.15521671611527557,0.3078857813018567,0.27372974972833536,0.34851057170900757,0.48528723115512434,0.4108721359207361,0.5764615483504176
I-80,pidl,30,all,-0.15208565338317018,-0.17678422376124506,-0.1257376415782618,-0.047159048829267594,-0.096907835742009,0.0069251402581103775,-0.15225983069641646,-0.1769986384050072,-0.1256608800913905,0.2002143052574385,0.17818899348626827,0.2221315881908791,0.20536142054431406,0.1918352273083537,0.21923302684210727,0.7416103152165686,0.582139584418284,1.0064569255781581,-0.20888888888888887,-0.3111666666666667,-0.09555555555555557,-0.07376924567212693,-0.21805846231272938,0.074521858886331,0.2736333682358162,0.24452716744940747,0.3105873243409435,0.38655723171167894,0.3317160024643211,0.46558131993036234
I-80,gru,30,all,-0.042524422150760896,-0.06537393563388037,-0.024677557132276477,-0.04500960338743165,-0.09026641376542079,-0.006047301896152298,-0.04226024398576395,-0.06507070765553244,-0.02448831198047732,0.15011439557524373,0.12409767067782183,0.17913503829552713,0.1252693725152824,0.11612807950806835,0.1361313541228516,0.26301603084056424,0.09373048004483223,0.4329938763105824,-0.4577777777777777,-0.5733888888888888,-0.33555555555555555,0.045023984461155415,-0.07468149201925081,0.151530929005768,0.19206345450079815,0.1636665702241614,0.22282056647103485,0.3124451919290523,0.26124792925510376,0.3730289118411763
I-80,lstm,30,all,-0.7732568540059418,-0.8394350158384817,-0.7059494321908115,-0.7372181050814363,-0.8150595437737979,-0.6444812809474514,-0.7682086142438841,-0.832058994531925,-0.7032646537967764,0.7820937921023609,0.6300715543562678,0.9369593398095575,0.6273146657729313,0.5662250594815829,0.6932121918584224,0.6605910044931068,0.4785327759364212,0.8939708041513336,-0.07333333333333333,-0.2711111111111111,0.14683333333333318,-0.6406630781521302,-0.8181245514682953,-0.3998130728238208,0.7155056307623168,0.6623975982358185,0.7736914722746665,0.6565047776081442,0.5770546935519522,0.7543761359453506
I-80,perl,30,all,-0.04101682298987233,-0.05692745231402998,-0.024937131832903914,-0.2923920832457563,-0.3366798937454821,-0.25190709222189106,-0.04075496822231669,-0.056562246015592337,-0.024755578504922,0.6087112738591668,0.5159902821004934,0.7055865800042946,0.2078787255077709,0.19005339116311226,0.22523217483436872,0.9249450290625195,0.6551289874992046,1.1918181114432633,-0.9044444444444444,-0.9533333333333334,-0.8555555555555557,-0.15705115566170888,-0.33025564176919797,0.021238266456927477,0.4306684037685713,0.3956252568469904,0.4642798662348067,0.6518097256221564,0.5856250087957189,0.7182316142887015
I-80,residual_idm,30,all,-0.018005430992956033,-0.024599897502539637,-0.011185848008182397,0.05793741580249934,0.04984077333084496,0.06667718885043618,-0.03142006916044645,-0.03853446708568903,-0.02438084389223851,0.08238605088917346,0.07840651667150599,0.08665603663952781,0.11891118537271904,0.10928923735103149,0.12863481963822448,0.4721911766121661,0.31079314805348973,0.9154097799622007,-0.20444444444444446,-0.30444444444444435,-0.10883333333333337,0.09051443961308242,-0.004203989500277129,0.19251534826133918,0.15760440410102447,0.12604246150818144,0.20746250088191884,0.26773743679794737,0.20375655187060654,0.3685697809885618
I-80,residual_idm_certified,30,all,-0.02911473730998271,-0.040747636995003715,-0.017389359834708212,0.04980247395881572,0.04210885784158727,0.05766548566956117,-0.07677325276350912,-0.09238992912821603,-0.05878362492726373,0.07983060043512723,0.07804555999928985,0.08149948211594542,0.11307530297052124,0.1031320525893852,0.12326202432197551,-0.02321946536283296,-0.0639980980788076,0.01658698418577326,-0.29333333333333333,-0.3533333333333334,-0.23555555555555557,0.16177853639657566,0.05542785589159002,0.29048199502758576,0.12479466099382482,0.10925544803592158,0.14398486334792623,0.18959850142857312,0.15876120715993036,0.22816369283889895
I-80,mlp_penalty,30,all,-0.10771372997099725,-0.12826860519457906,-0.08612014499199683,-0.011755300245363098,-0.056922917173945556,0.029934761917466874,-0.1067291247028974,-0.12729599295728725,-0.08514125973799817,0.16472288538795243,0.1518899989882896,0.177927595212598,0.1948773918816098,0.18417513621543244,0.2055083134024406,0.5255659871319882,0.47410310061959676,0.5702052095589866,-0.43333333333333324,-0.5177777777777777,-0.33772222222222226,0.2353070370153718,0.04616986639395926,0.4228080974694194,0.2726689929130315,0.25399346394258393,0.2891409877380777,0.42314975589376946,0.3856425974598499,0.45875128341795973
I-80,gru_penalty,30,all,-0.0644360218757065,-0.1017106442973514,-0.033951406699744384,0.0404481292962022,-0.01405184095865476,0.09741287744156041,-0.052705865863794624,-0.08496612111457452,-0.028099183420555177,0.18038151200047078,0.15737626255825948,0.2078459502493405,0.15682469718098027,0.14027194594029613,0.17662502400444802,0.4936533311592814,0.351034597526938,0.6825964144671064,-0.35999999999999993,-0.45999999999999996,-0.2644444444444445,0.24619738564081178,0.03975603604695094,0.4876621371704135,0.23467608126417563,0.1849728176679885,0.29633334635407427,0.3626531328003018,0.28259460583276613,0.4621082864785081
I-80,lstm_penalty,30,all,-0.8047180174172054,-0.8843950347163687,-0.718285433161772,-0.8322881110754543,-0.8852669673381786,-0.7702029846431574,-0.8066884192963677,-0.8847360779179861,-0.721860401074759,0.6453194103608534,0.5073644080900679,0.8179596208933799,0.6091319928334497,0.5248259630108517,0.7008747901111924,0.6310950085804156,0.37962068397664456,0.9290450305840466,0.06888888888888886,-0.20888888888888887,0.3378333333333333,-0.7896879321373278,-0.8865305582015858,-0.6690733212814624,0.7343595619515916,0.6733569398544087,0.7951124274777025,0.6840404977191293,0.6006894725541951,0.7719939378936194
I-80,idm_heterogeneous_all,30,all,-0.13110020518341103,-0.1426575247720358,-0.11962603317687466,0.11348951788621404,0.0774814186786959,0.15134648940941206,-0.13074901345995255,-0.14226000282108184,-0.11934872111907213,0.14029075933689372,0.1297202070103043,0.15136312844098437,0.21835967905147083,0.20299889912161834,0.2351676178639544,0.9919553709117983,0.6216258366914917,1.4523631752008308,-0.4355555555555555,-0.58,-0.2866666666666667,0.27768169057179287,0.05408878540797056,0.5062413770442792,0.3362017653393336,0.2761402562023814,0.4055563825615097,0.5732996239722302,0.43283595460365154,0.7383594528533016
I-80,residual_idm_certified_het,30,all,-0.024758015635972585,-0.03381363374672779,-0.015464662320317298,0.09478637112770268,0.0833723364025297,0.10757235945825644,-0.01818926947541646,-0.02370095221175799,-0.012769242266591846,0.09881229840570382,0.09189182213521205,0.10645787378918088,0.1294930875561859,0.11619470880695924,0.14218996997953803,-0.07703811596044138,-0.27244387195104136,0.07808692606099808,-0.6088888888888887,-0.7333333333333332,-0.48438888888888887,0.09275619592358565,-0.01958810985177034,0.20654098683730882,0.20031263948581882,0.17562968017192943,0.22585569906235947,0.36832836586398077,0.3026769856301377,0.4366296861061953
I-80,residual_idm_certified_r0.1,30,all,-0.030900067420604117,-0.042942809571369665,-0.018708925693376132,0.072661427680801,0.06421900059596124,0.0812494517497793,-0.18230686351376005,-0.19041291352929282,-0.17515469317840002,0.08901239911371843,0.08783803564436535,0.0901507926953582,0.1488670254429579,0.13466465111876136,0.16348029926072077,-0.04419806656552933,-0.09807682058240484,0.014161547363519184,-0.38222222222222213,-0.46222222222222215,-0.3022222222222222,0.11172434325574822,-0.10570917507082746,0.3230381486885181,0.19658784827451042,0.17728520437607267,0.21846493702261857,0.3012756765559524,0.2614114660422859,0.346474135629279
I-80,residual_idm_certified_r0.2,30,all,-0.030094054864562122,-0.042190173550035855,-0.017819117237161865,0.062007537243668635,0.05368138816597349,0.07062963079908575,-0.17757626468833362,-0.1883453453453453,-0.16442930569115913,0.0858330256195361,0.08428895565170764,0.08747280926703883,0.1430425275363185,0.12991552655270455,0.15478905914176594,-0.044271772883896506,-0.09341270074916264,0.00863299615151474,-0.42,-0.4933333333333333,-0.3510555555555555,0.20986785267556513,0.027778857868064947,0.40468466537117476,0.180856336356967,0.15766929285714795,0.20368660498362498,0.27727748800882973,0.2316004173836278,0.32244046844465535
I-80,residual_idm_certified_r0.5,30,all,-0.026853180119038686,-0.0366854972396193,-0.016925863149839297,0.058016783738760506,0.05283306809721648,0.06289282223512327,-0.034418122272774083,-0.04666504405802253,-0.02135125491978708,0.08388083132281914,0.08003274808716812,0.08723679246124842,0.11492709259880603,0.10575550543883132,0.12402542324821046,-0.020801926145462443,-0.0638903893501855,0.022651702894283317,-0.03777777777777777,-0.18444444444444444,0.11777777777777779,0.0626346082265789,-0.006460111714879304,0.13763665253437904,0.10838764581175307,0.09171248870982525,0.1257729145024771,0.1640291544445268,0.12844810904115633,0.20196604191916415
I-80,residual_idm_free_r0.3,30,all,-0.01815616958608606,-0.027119293192804463,-0.008915756435498738,0.08114247283300778,0.0720005665757066,0.09096310690651518,-0.029705507816465325,-0.03718819994198103,-0.021390249536382584,0.11556660836104496,0.11042900744565942,0.12077994742782411,0.14844770894800105,0.1337785712056446,0.1629429114260865,0.6586088262235775,0.4609490425135608,0.9738451343729124,-0.28666666666666657,-0.3711111111111111,-0.19333333333333333,0.2545597879501269,0.15072429088177933,0.36186877619458213,0.209161930652471,0.17570720700948558,0.24911248060947067,0.35575910112109244,0.2891957152843585,0.4368546136331876
I-80,idm_global_p0,20,"i80_p1, i80_p2",-0.026530237133685425,-0.03643198586517551,-0.016812985399192328,0.045011820950846076,0.03776445170955646,0.052237370470785624,-0.04615707920444849,-0.052677705575426656,-0.04008806479811662,0.08349284651435834,0.08158425335098723,0.0852504467031361,0.13144275090952945,0.12054155687187083,0.14238662293274137,0.30996200453023315,0.2886088459358438,0.3302478292038769,-0.6466666666666667,-0.6833333333333333,-0.5999999999999999,-0.08802324720035296,-0.18451215808682908,0.014393342163523082,0.1863949276188002,0.17240892505700486,0.19912365246448943,0.3224918592867658,0.29584129980671847,0.34688192164467524
I-80,residual_idm_certified_p0,20,"i80_p1, i80_p2",-0.042947085016050546,-0.05741453091022057,-0.02856212462462465,0.0362172051324791,0.03057460559901805,0.04202538609706141,-0.09806233244738988,-0.1113755876566221,-0.0837655439922681,0.07846106406228834,0.07672245943915755,0.08024964485691301,0.1274117326312336,0.11650049516881798,0.13839483554910073,0.03021190340440414,-0.012729041391928373,0.07253625744176118,-0.4166666666666667,-0.49333333333333335,-0.3466666666666668,0.41647010300579124,0.22265842016253512,0.6365042201260305,0.17277050971508856,0.14567381292240789,0.2024505873570698,0.2816190977656252,0.22297094844519777,0.3441138145496604
I-80,mlp_p0,20,"i80_p1, i80_p2",-0.11338510924717822,-0.1392252316972145,-0.08960649011080046,0.0280669088013564,-0.023317098504745542,0.07534136652788388,-0.11309957124612294,-0.13925840341573098,-0.08930988762777554,0.15484451128502547,0.1469705338976899,0.16237870284341932,0.22098841935693309,0.20887537486323493,0.2329992802132353,0.5186021991933069,0.5089648148111958,0.5277776970179074,-0.33333333333333337,-0.3766666666666667,-0.28,0.07990704378269776,-0.08147022838641028,0.2554434724484879,0.2301707842453385,0.21272297214783684,0.2487836052489429,0.33779796935321466,0.30839379460861577,0.37234620367140286
I-80,gru_p0,20,"i80_p1, i80_p2",-0.02101118359739052,-0.027517694418556494,-0.014421242363052741,-0.0003338577997473212,-0.004667842500247073,0.0034149917513261463,-0.021011183597390442,-0.02751769441855644,-0.014421242363052669,0.08231402540021304,0.07212045057062333,0.09168230394874435,0.11833932076947369,0.10864074759180321,0.12723764801056145,0.23372598976290354,0.225339319687033,0.24204265952897952,-0.21333333333333332,-0.3166666666666667,-0.10666666666666666,0.12012843753821807,0.06792855628667349,0.1792800413642132,0.10740648706284235,0.09191140750815395,0.12334896098125617,0.18193376997958896,0.14790575104027814,0.21640004929333015
I-80,idm_core_margin,30,all,-0.03177108260431788,-0.044368453439316696,-0.019160814633628582,0.08225662790977784,0.07454190089515884,0.09013908081216124,-0.18358289323806565,-0.19609557833695762,-0.17087314901108,0.09299636551972888,0.09131987008722729,0.09467065410462226,0.1512162523360404,0.13632464739650646,0.16645839322445016,-0.023511066202842178,-0.08160685835287307,0.03418726774801915,-0.36888888888888877,-0.4599999999999999,-0.28444444444444444,0.06201332438372349,-0.16264455441266243,0.31564286101189265,0.19779653051321736,0.17355532528894735,0.22632252938387837,0.30089297996818143,0.2536965502947674,0.3563548763350715
I-80,idm_margin_i80,30,all,-0.02618457459460167,-0.036564021521227,-0.01553785035771326,0.017814279523391333,0.011880387822336608,0.02385216337592943,-0.026648271461378183,-0.030942035495656522,-0.021766932244569145,0.06877246338957205,0.06159018123512135,0.07572438615391683,0.11248248754897323,0.10061946924516092,0.1251676707708921,0.676940192476549,0.3159674448535259,1.0819800102368946,-0.6911111111111109,-0.7711111111111111,-0.6133333333333334,-0.0215555099886369,-0.11668609659335905,0.08154653776917456,0.23943031139059873,0.18770040535150473,0.29768948243259824,0.47932291810630456,0.35543964752165763,0.6236142949821656
I-80,residual_idm_margin_free_r0.3,30,all,-0.028666122872313314,-0.03997458649363734,-0.01707916420893062,0.05435473114361549,0.04604225656453301,0.06278054412081713,-0.11702815790822123,-0.1311715976409073,-0.10171664820084397,0.08114233037255107,0.08013398724813896,0.0822111949846036,0.1256157830577953,0.11309737657664334,0.13737939970153124,-0.02414488210006178,-0.07375848795948875,0.02972969669254035,-0.4355555555555556,-0.5044444444444444,-0.36666666666666664,0.31679754884659456,0.11064501203027181,0.5113141769501549,0.17578706292879215,0.1496938885314071,0.20231725673493198,0.28138999492457095,0.2286053007551134,0.33691732380401945
US-101,idm_global,30,all,-0.01318939330301247,-0.01697758692243381,-0.009580742489361124,0.05434086994516621,0.04651332331185857,0.06314243254367524,-0.010599298109152779,-0.016389217337020638,-0.004651305142707054,0.06610506190345157,0.06191733195383654,0.070693791855719,0.10672551436547596,0.09793123655866925,0.11511280438583826,-0.15420409036067556,-0.43942987884388257,0.07103749088920751,-0.14,-0.24449999999999997,0.0022222222222222127,0.010651589675368741,-0.02505007267511378,0.05090198524581381,0.13316184915602408,0.11036370761355775,0.163193231170846,0.22863187493977177,0.1829965196138584,0.2881712358950999
US-101,idm_heterogeneous,30,all,-0.02902832107870447,-0.040172237215499174,-0.019558382163271965,0.025425851173627077,0.002893213993909842,0.04490978058052833,-0.019374592881952566,-0.04005731580453897,0.0002069889873167043,0.09427072271072703,0.08060391126255896,0.10995653273050715,0.08658489071186463,0.0807989772420441,0.0926073228015292,0.1570847545798282,0.11834049857942917,0.18867142214250696,0.022222222222222206,-0.13116666666666663,0.23333333333333334,0.1965187874088127,0.11577850047310244,0.2777308826756744,0.12527732552059387,0.10027023286128174,0.1502868499975686,0.1962247094039282,0.1515859843648363,0.24314025191529196
US-101,knn,30,all,-0.5269129055613557,-0.5378638630167358,-0.5156158462222658,-0.4968456741367355,-0.5311689447736962,-0.4663006315626222,-0.512701563536763,-0.5236586135246366,-0.5012883387692068,1.153208194649905,0.985408928002983,1.3490937323221421,0.43851628528464315,0.43128944064181474,0.4460387487078455,0.7151628737770549,0.546092559096459,0.9093830886398944,0.2444444444444444,-0.05122222222222213,0.5667222222222221,-0.48589300541666464,-0.5665225490073718,-0.40553966644623396,0.6277842876398816,0.5736433836901409,0.6895169886233247,0.5831514908085732,0.5047190488008351,0.6823426568571194
US-101,mlp,30,all,-0.2441452923539002,-0.25879039444533014,-0.2291470050018543,-0.1653595619015401,-0.21610591465728854,-0.11264739047059918,-0.21985175767388915,-0.24058579540694577,-0.19887897833708115,0.33093103439411753,0.28266147347098725,0.38258204324019385,0.23491099738684112,0.22643931106304224,0.24473901246727686,1.0050267213094433,0.7540430507907467,1.306936648214123,-0.4244444444444445,-0.6378333333333334,-0.16666666666666666,-0.4979210662617345,-0.5501404802703287,-0.4417930473665302,0.4276164645225918,0.3953940078751596,0.4641795056218153,0.6513897678489794,0.5442291923496382,0.7745691067656728
US-101,pidl,30,all,-0.25975357910021485,-0.2729811644368899,-0.2474373197163806,-0.25714873234544444,-0.2829035193080349,-0.22984695584984566,-0.24604706892988618,-0.2631968941919969,-0.2296004352102592,0.42614337974889416,0.37262487737532135,0.48176688772686765,0.228343613888229,0.21871065316010097,0.2376362362699975,0.5947628317163856,0.577896210946158,0.6117079466069187,0.3066666666666667,-0.08227777777777771,0.729555555555555,-0.3900490263883343,-0.4578527251187681,-0.30175582559128233,0.41171977106328933,0.3666333501529936,0.46243353258461667,0.5261663520954687,0.4521682084617964,0.6119325683533181
US-101,gru,30,all,-0.22197246780052693,-0.26239040008834524,-0.19134461287773197,-0.3383362233275483,-0.3914941315826709,-0.2897188468371664,-0.20023763052942203,-0.23875506767949237,-0.169081552207717,0.5383974979928875,0.4025354594145174,0.6998681761658964,0.2112541758903164,0.19717032482543337,0.22607374673797404,0.3147841233931379,0.24500160026048917,0.4229365209606767,0.8866666666666666,0.4577777777777778,1.393388888888889,-0.5024760535802714,-0.5678800922594629,-0.43698742417938885,0.4206806505426503,0.3378523227652114,0.5153635378444045,0.5166253461727046,0.40270537755208097,0.6516028566374491
US-101,lstm,30,all,-0.7552106861849275,-0.8027564193797426,-0.6996713733055955,-0.8242441411679982,-0.8592036063703906,-0.7826614376699933,-0.734880230142172,-0.7789890004562668,-0.682133130423474,1.4528351241877482,1.1158037554943536,1.8194574666675245,0.5276581631219263,0.48344013346116976,0.5663730184067892,0.6022371707952453,0.5041245790287863,0.71238490501985,0.9422222222222223,0.3110000000000001,1.6801111111111109,-0.8597397894852997,-0.8892361598782373,-0.826764094926983,0.8879403690411637,0.7842643873407172,1.0041966367502062,0.8374087808506179,0.6980591678268553,0.9975594983306548
US-101,perl,30,all,-0.2789628041013719,-0.289041849707506,-0.2677263682668829,-0.5710847573808961,-0.5970574824983502,-0.5450767770015397,-0.25807845362606663,-0.2693423988560606,-0.2471839879708403,1.462940837859564,1.3039463058885297,1.6341523344188318,0.28797596738914955,0.27840854336474774,0.2973985430410575,0.723060191929012,0.5435658527170883,0.9067648267148783,-0.8955555555555554,-0.9866666666666667,-0.7510555555555556,-0.7021638125546581,-0.7624450723285958,-0.6439222804581385,0.6614266607910244,0.6206252223076496,0.703875127282345,0.6853138330314362,0.6419204668466495,0.7340301716124805
US-101,residual_idm,30,all,0.0029382905578499174,0.001059469022275505,0.004781870278082075,0.08438527912945702,0.07687626267992353,0.09215051465627529,-0.0022706034730549367,-0.02168736315045432,0.01479091593033747,0.08815701155914815,0.08263444887662645,0.094057966451175,0.12033664784803631,0.11464671847240607,0.12571058695592932,0.37305521255679736,0.36116216657415245,0.3846257680862047,-0.19333333333333333,-0.28016666666666656,-0.1,0.3353205450685479,0.25600054714144466,0.4128731730838428,0.1557957079247479,0.13475651669709307,0.17648814312145367,0.25551143470167875,0.2131154849326104,0.29686084738939483
US-101,residual_idm_certified,30,all,-0.01267728353536754,-0.015515432946408203,-0.00954335559252799,0.1338680071633233,0.12035198196242174,0.14810359764208667,0.16220324768896535,0.1355440894312778,0.18870767235768138,0.12396943049335024,0.11354196416697705,0.13513820482883057,0.09577375261929841,0.0921767469318656,0.09944503099497497,-0.09156491009437691,-0.1277203700421347,-0.06271159141604757,-0.07111111111111111,-0.15777777777777782,0.015611111111111053,-0.10903393399988877,-0.1331360715338304,-0.0851401521186567,0.11287564813101743,0.10660698740480729,0.11875719491778783,0.12214045519409998,0.10716824367410963,0.13511881659921274
US-101,mlp_penalty,30,all,-0.20926283621655692,-0.2238694530875436,-0.19433106151257948,-0.1999560928455845,-0.24240100650234045,-0.15307650322842,-0.19525165681489323,-0.2118980609763031,-0.17668570601493408,0.3486851326466293,0.29544071976306996,0.40107148970049916,0.19595734838781206,0.1880095736079545,0.20375273289615325,0.7190282697623332,0.6180170354920281,0.8612698172056559,0.11333333333333338,-0.19777777777777772,0.46888888888888886,-0.26617577237074797,-0.3844105950646925,-0.13917803048761276,0.3796663600415682,0.3340512495483333,0.427900019501816,0.5175755076422637,0.43952741731909994,0.6025144172644774
US-101,gru_penalty,30,all,-0.15879929980896604,-0.18869303066200135,-0.12803142618707605,-0.27490702266513256,-0.33571040335336033,-0.21303995981436238,-0.13417348277600094,-0.16718258637247163,-0.09921163965306753,0.36654944666171596,0.2553768454868884,0.5051701317064491,0.18870226595343967,0.17558182625175697,0.20263415459423198,0.5091063449743319,0.3000358754359685,0.7411825280737255,0.5666666666666668,0.2644444444444444,0.9402222222222221,-0.37010886734945775,-0.4524275419917357,-0.26785921142393276,0.34672233484924314,0.27794072250008345,0.4280057408688471,0.457558964028018,0.3537396084173473,0.5808106225853694
US-101,lstm_penalty,30,all,-0.8372965883044725,-0.8843891783684229,-0.7827485942820686,-0.8835366211435768,-0.9107024621304554,-0.8504201079737892,-0.8212058606828286,-0.869080866477477,-0.7684632805085148,1.4857438521522086,0.9355274221869917,2.3375249450471016,0.515805898622475,0.4681174416023779,0.5648820919381333,0.4974912480069377,0.30335071714932266,0.7524571171438794,0.9244444444444445,0.41322222222222227,1.5913333333333333,-0.8805295258564435,-0.9331766449536056,-0.8180355669273696,0.8856987975209363,0.784945393899935,1.0201495544726642,0.7864217649627725,0.6632014851175215,0.9383995494347533
US-101,residual_idm_certified_het,30,all,-0.05589961918933729,-0.06407040303557072,-0.048821643056005566,0.11253284256166708,0.08850421250190094,0.13571612626448315,-0.024468758395447356,-0.0371186601636099,-0.012069859053523565,0.12998916962309828,0.11342944929502098,0.14604654049191917,0.12789601396780065,0.12354112593511622,0.1324409397012711,-0.44519236444275384,-0.6184399405269316,-0.3103010736309658,-0.2511111111111112,-0.34222222222222226,-0.15555555555555556,0.1986041183391276,0.1525281968016457,0.24324386396083866,0.17367056764092267,0.15873207423614769,0.1885096355209138,0.26551373819353674,0.23412446287106256,0.3000224569497898
US-101,residual_idm_certified_r0.1,30,all,-0.01568359256916336,-0.01953252778220646,-0.011236899818909206,0.16490171414347912,0.15003985777041065,0.1801203332776375,,,,0.14631577953631972,0.13612018491743572,0.15809641793351895,0.14165534752189338,0.13800453969476784,0.14508877698662712,-0.3392180514707347,-0.4586828453855021,-0.24242637707648512,-0.04888888888888889,-0.14,0.04444444444444443,-0.2273209489439225,-0.25941057650437377,-0.19755358760470637,0.1771459085873484,0.16607288482684263,0.19058166509424873,0.22815969809524878,0.2098683242328274,0.24990272697083896
US-101,residual_idm_certified_r0.2,30,all,-0.013189950175747778,-0.016204005862164136,-0.00969626901696105,0.15101251835724008,0.13652268446085372,0.1660673579840269,0.09930830039525702,0.08695652173913061,0.11166007905138349,0.13685812971275804,0.12665210594412266,0.1481857814858853,0.12351976264772092,0.12133321173178145,0.12593156234487704,-0.2394386538603249,-0.3174257895009869,-0.17672767781645055,-0.08888888888888888,-0.1711666666666667,0.002222222222222218,-0.18605701431572508,-0.2207446028614817,-0.14969993444505458,0.14718590551918098,0.13856499472381983,0.15666304352392568,0.18357425745034928,0.16900042514124075,0.19903693129809646
US-101,residual_idm_certified_r0.5,30,all,-0.012860348375468757,-0.015221508087940724,-0.010205205267175997,0.10019517497138034,0.08810495541585009,0.11332688061869127,0.07558291195907145,0.05187005912235869,0.10350461969591859,0.10191630294024559,0.09177732910761828,0.11332587320678418,0.06403033603359981,0.0605028657999566,0.06778478347331884,0.009787448870929489,-0.019557275003258764,0.03593306609695755,-0.12000000000000001,-0.18000000000000005,-0.060000000000000005,0.293463451270931,0.2220952147837545,0.36033023321006674,0.10438249973402237,0.09586033443890063,0.11253146143639582,0.1361263149065032,0.11949416966476342,0.15247159368629778
US-101,residual_idm_free_r0.3,30,all,-0.013830262961648614,-0.01981554304234804,-0.008381531461452308,0.08671453797846305,0.07275994720153094,0.10077744200214221,-0.0667939727949651,-0.09256082219376426,-0.042280958587714045,0.12192893788771955,0.11639499906131279,0.1269299013198319,0.13256376800389452,0.12203637170449672,0.14235067817368927,0.4174381973602805,0.38851463078729076,0.44136903313031733,-0.18888888888888886,-0.28888888888888886,-0.08888888888888888,0.48712618683188696,0.37847541864553946,0.5933817520735237,0.19418692618493863,0.1709932812761077,0.21728719899975904,0.31222856615248956,0.2605379366098611,0.36256969887566615
US-101,idm_core_margin,30,all,-0.01592142494275554,-0.019894893114150065,-0.011352647766994623,0.1758501304414801,0.16070194318456701,0.19208571972855953,,,,0.15484529347195392,0.14441870522920866,0.16686510375541894,0.1504571507614218,0.1446249446043211,0.15634152609925459,-0.2920220413779857,-0.36128552088986843,-0.22667734630342717,-0.06666666666666667,-0.15555555555555559,0.031111111111111096,-0.2466680385478966,-0.2784557212205245,-0.21741924204437035,0.17662238173372657,0.1683098836212451,0.18455085932822682,0.22228680767182604,0.20655606920229078,0.23657318211391878
US-101,idm_margin_i80,30,all,-0.01860309031510022,-0.022106600584816366,-0.014701368638321822,0.08806464539816967,0.07333822254855818,0.104737299867301,-0.009079169264302757,-0.018885340865509165,0.00015943489401850765,0.09024871862319736,0.0812151134590557,0.10023536583253129,0.10048385995627297,0.09590193008087103,0.1049623365155902,-0.3090442730001896,-0.5251561311880776,-0.1326056931650545,-0.24444444444444452,-0.3022222222222223,-0.1799444444444445,0.03583044229767131,-0.001347887159977773,0.07507757053916066,0.1323675624311242,0.1145182300841996,0.1540129479453631,0.2095944121947957,0.1792372015685963,0.24769293617996355
US-101,residual_idm_margin_free_r0.3,30,all,-0.013811054138087286,-0.01807510854589641,-0.009574759321832391,0.13461678358757237,0.11716103706650025,0.1531100503848726,0.07980975148164755,0.025258562013380573,0.11074513248426296,0.12899107381983213,0.1189081141338271,0.13967158726816142,0.11073172452070801,0.10839564997324984,0.11320655007398078,-0.2757544014128338,-0.35431286287245867,-0.20471370659235794,-0.06666666666666667,-0.15777777777777782,0.02444444444444444,-0.17118076296195336,-0.20093745909326013,-0.14233396707423868,0.14673476236941857,0.13790635579855665,0.15512580366721873,0.18941672222387376,0.17406992703533958,0.20297189346382624
