corridor,r_max,core,highd,ngsim,law,runs_expected,runs_highd,certificates_highd,a_priori_highd,unstable_eq_highd,unstable_eq_highd_low,unstable_eq_highd_high,rmse_highd,rmse_highd_low,rmse_highd_high,drivers_highd,runs_ngsim,certificates_ngsim,a_priori_ngsim,unstable_eq_ngsim,unstable_eq_ngsim_low,unstable_eq_ngsim_high,rmse_ngsim,rmse_ngsim_low,rmse_ngsim_high,drivers_ngsim,runs_corridor,macro_error,macro_error_low,macro_error_high,macro_error_dynamic,macro_error_dynamic_low,macro_error_dynamic_high,collisions_per_1000_vkm,collisions_per_1000_vkm_low,collisions_per_1000_vkm_high
I-80,0.1,certified,e4_stable_r0.1,e4_stable_ft_r0.1,residual_idm_certified_r0.1,25,25,25.0,25.0,0.0,0.0,0.0,4.5397149052686485,4.475295544419262,4.60991053892613,12512,25,25,25,0.0,0.0,0.0,5.383822339285559,5.258690318148047,5.5185678041547,5521,30,0.19658784827451042,0.17728520437607267,0.21846493702261857,0.3012756765559524,0.2614114660422859,0.346474135629279,0.0,0.0,0.0
I-80,0.2,certified,e4_stable_r0.2,e4_stable_ft_r0.2,residual_idm_certified_r0.2,25,25,25.0,25.0,0.0,0.0,0.0,4.50927193141852,4.443662216312828,4.576828296286277,12512,25,25,25,0.0,0.0,0.0,5.262419881981143,5.140426931796709,5.394318176773064,5521,30,0.180856336356967,0.15766929285714795,0.20368660498362498,0.27727748800882973,0.2316004173836278,0.32244046844465535,0.0,0.0,0.0
I-80,0.3,certified,e4_stable,e4_stable_ft,residual_idm_certified,25,25,25.0,25.0,0.0,0.0,0.0,4.509678140716077,4.446687899068565,4.573854111886852,12512,25,25,25,0.0,0.0,0.0,5.155767022565477,5.035669859027899,5.28265725919255,5521,30,0.12479466099382482,0.10925544803592158,0.14398486334792623,0.18959850142857312,0.15876120715993036,0.22816369283889895,0.0,0.0,0.0
I-80,0.5,certified,e4_stable_r0.5,e4_stable_ft_r0.5,residual_idm_certified_r0.5,25,25,25.0,25.0,0.0,0.0,0.0,4.539466208576456,4.477316320479176,4.602240891362005,12512,25,25,25,0.0,0.0,0.0,5.065229776681121,4.950854792965957,5.18442034952838,5521,30,0.10838764581175307,0.09171248870982525,0.1257729145024771,0.1640291544445268,0.12844810904115633,0.20196604191916415,0.10959503089599085,0.0,0.27435473763496343
I-80,0.3,free,e4_free_r0.3,e4_free_r0.3_ft,residual_idm_free_r0.3,25,25,25.0,0.0,0.22,0.20909090909090908,0.23272727272727273,2.810810598207083,2.768545785618175,2.8574402920106015,12512,25,25,0,0.07472527472527472,0.07362637362637363,0.07582417582417583,5.177703734396097,5.085677302258921,5.2789599650976395,5521,30,0.209161930652471,0.17570720700948558,0.24911248060947067,0.35575910112109244,0.2891957152843585,0.4368546136331876,0.0,0.0,0.0
I-80,1.0,free,e1,e4_free_ft,residual_idm,25,25,,,0.3109090909090909,0.2818181818181818,0.3418181818181818,2.702879910697075,2.664119197746162,2.7467667091877397,12512,25,25,0,0.038461538461538464,0.023736263736263738,0.05604945054945055,4.486505143002313,4.403473865061724,4.58125191583644,5521,30,0.15760440410102447,0.12604246150818144,0.20746250088191884,0.26773743679794737,0.20375655187060654,0.3685697809885618,0.0,0.0,0.0
US-101,0.1,certified,e4_stable_r0.1,e4_stable_ft_r0.1,residual_idm_certified_r0.1,25,25,25.0,25.0,0.0,0.0,0.0,4.5397149052686485,4.475295544419262,4.60991053892613,12512,25,25,25,0.0,0.0,0.0,5.383822339285559,5.258690318148047,5.5185678041547,5521,30,0.1771459085873484,0.16607288482684263,0.19058166509424873,0.22815969809524878,0.2098683242328274,0.24990272697083896,0.22808479691047243,0.09358659547706655,0.3819154913038618
US-101,0.2,certified,e4_stable_r0.2,e4_stable_ft_r0.2,residual_idm_certified_r0.2,25,25,25.0,25.0,0.0,0.0,0.0,4.50927193141852,4.443662216312828,4.576828296286277,12512,25,25,25,0.0,0.0,0.0,5.262419881981143,5.140426931796709,5.394318176773064,5521,30,0.14718590551918098,0.13856499472381983,0.15666304352392568,0.18357425745034928,0.16900042514124075,0.19903693129809646,0.058996776329964425,0.0,0.14749357806693475
US-101,0.3,certified,e4_stable,e4_stable_ft,residual_idm_certified,25,25,25.0,25.0,0.0,0.0,0.0,4.509678140716077,4.446687899068565,4.573854111886852,12512,25,25,25,0.0,0.0,0.0,5.155767022565477,5.035669859027899,5.28265725919255,5521,30,0.11287564813101743,0.10660698740480729,0.11875719491778783,0.12214045519409998,0.10716824367410963,0.13511881659921274,0.22677710109071528,0.09366271304703974,0.38948669142854475
US-101,0.5,certified,e4_stable_r0.5,e4_stable_ft_r0.5,residual_idm_certified_r0.5,25,25,25.0,25.0,0.0,0.0,0.0,4.539466208576456,4.477316320479176,4.602240891362005,12512,25,25,25,0.0,0.0,0.0,5.065229776681121,4.950854792965957,5.18442034952838,5521,30,0.10438249973402237,0.09586033443890063,0.11253146143639582,0.1361263149065032,0.11949416966476342,0.15247159368629778,0.16125429419252643,0.05951377053977951,0.2919009874452521
US-101,0.3,free,e4_free_r0.3,e4_free_r0.3_ft,residual_idm_free_r0.3,25,25,25.0,0.0,0.22,0.20909090909090908,0.23272727272727273,2.810810598207083,2.768545785618175,2.8574402920106015,12512,25,25,0,0.07472527472527472,0.07362637362637363,0.07582417582417583,5.177703734396097,5.085677302258921,5.2789599650976395,5521,30,0.19418692618493863,0.1709932812761077,0.21728719899975904,0.31222856615248956,0.2605379366098611,0.36256969887566615,0.034673988321296804,0.0,0.10402196496389043
US-101,1.0,free,e1,e4_free_ft,residual_idm,25,25,,,0.3109090909090909,0.2818181818181818,0.3418181818181818,2.702879910697075,2.664119197746162,2.7467667091877397,12512,25,25,0,0.038461538461538464,0.023736263736263738,0.05604945054945055,4.486505143002313,4.403473865061724,4.58125191583644,5521,30,0.1557957079247479,0.13475651669709307,0.17648814312145367,0.25551143470167875,0.2131154849326104,0.29686084738939483,0.029490115239189065,0.0,0.0884703457175672
