corridor,law,members,audited,unstable_eq,not_stable,kind,runs,scenario_set,in_correlation,macro_error,macro_error_low,macro_error_high,macro_error_dynamic,macro_error_dynamic_low,macro_error_dynamic_high,collisions_per_1000_vkm,collides,max_gain,speeds
I-80,idm_global,5,5,0.0,0.0,idm,30,all,True,0.182341936515302,0.17627888128716562,0.18904603361495728,0.34492950380662024,0.3256373876029945,0.36584433989670495,0.0,False,,
I-80,idm_heterogeneous,2840,2840,0.09167505030181086,,idm_heterogeneous,30,all,True,0.30248912172419457,0.2547528158259032,0.3573120092564845,0.5202162187154292,0.4211288935980737,0.6323024197398934,0.0,False,1.1736631912541593,14.0
I-80,knn,5,5,0.9241758241758242,0.9241758241758242,models,30,all,True,0.49025850232999846,0.46026412151593177,0.521735860621459,0.5079980549760763,0.4599873655349362,0.5593871292474656,2140.5025719786677,True,,
I-80,mlp,5,5,0.9571428571428571,0.9571428571428571,models,30,all,True,0.3078857813018567,0.27372974972833536,0.34851057170900757,0.48528723115512434,0.4108721359207361,0.5764615483504176,912.5080925554284,True,,
I-80,pidl,5,5,0.9076923076923077,0.923076923076923,models,30,all,True,0.2736333682358162,0.24452716744940747,0.3105873243409435,0.38655723171167894,0.3317160024643211,0.46558131993036234,1800.6525203357362,True,,
I-80,gru,5,5,0.7153846153846154,0.7307692307692308,models,30,all,True,0.19206345450079815,0.1636665702241614,0.22282056647103485,0.3124451919290523,0.26124792925510376,0.3730289118411763,205.96827032829577,True,,
I-80,lstm,5,5,0.7329670329670329,0.7483516483516484,models,30,all,True,0.7155056307623168,0.6623975982358185,0.7736914722746665,0.6565047776081442,0.5770546935519522,0.7543761359453506,4664.165336592964,True,,
I-80,perl,5,5,0.9395604395604396,0.9395604395604396,models,30,all,True,0.4306684037685713,0.3956252568469904,0.4642798662348067,0.6518097256221564,0.5856250087957189,0.7182316142887015,11683.26158432883,True,,
I-80,residual_idm,5,5,0.02967032967032967,0.029670329670329655,models,30,all,True,0.15760440410102447,0.12604246150818144,0.20746250088191884,0.26773743679794737,0.20375655187060654,0.3685697809885618,0.0,False,,
I-80,residual_idm_certified,5,5,0.0,0.0,models,30,all,True,0.12479466099382482,0.10925544803592158,0.14398486334792623,0.18959850142857312,0.15876120715993036,0.22816369283889895,0.0,False,,
I-80,mlp_penalty,5,5,0.0,0.0,models,30,all,True,0.2726689929130315,0.25399346394258393,0.2891409877380777,0.42314975589376946,0.3856425974598499,0.45875128341795973,1588.4532398807348,True,,
I-80,gru_penalty,5,5,0.3593406593406593,0.35934065934065934,models,30,all,True,0.23467608126417563,0.1849728176679885,0.29633334635407427,0.3626531328003018,0.28259460583276613,0.4621082864785081,730.5794706394743,True,,
I-80,lstm_penalty,5,5,0.4989010989010989,0.4989010989010989,models,30,all,True,0.7343595619515916,0.6733569398544087,0.7951124274777025,0.6840404977191293,0.6006894725541951,0.7719939378936194,8041.714665882814,True,,
I-80,idm_heterogeneous_all,7651,7651,0.16467501913848795,,idm_heterogeneous,30,all,True,0.3362017653393336,0.2761402562023814,0.4055563825615097,0.5732996239722302,0.43283595460365154,0.7383594528533016,0.0,False,1.2144001889794105,14.0
I-80,residual_idm_certified_het,3337,3337,0.0,,residual_heterogeneous,30,all,True,0.20031263948581882,0.17562968017192943,0.22585569906235947,0.36832836586398077,0.3026769856301377,0.4366296861061953,0.0,False,0.9999494296074238,14.0
I-80,idm_global_p0,1,1,0.0,,idm,20,"i80_p1, i80_p2",False,0.1863949276188002,0.17240892505700486,0.19912365246448943,0.3224918592867658,0.29584129980671847,0.34688192164467524,0.0,False,0.9992534975152654,14.0
I-80,residual_idm_certified_p0,5,5,0.0,0.0,models,20,"i80_p1, i80_p2",False,0.17277050971508856,0.14567381292240789,0.2024505873570698,0.2816190977656252,0.22297094844519777,0.3441138145496604,0.0,False,,
I-80,mlp_p0,5,5,0.9411764705882353,0.9625,models,20,"i80_p1, i80_p2",False,0.2301707842453385,0.21272297214783684,0.2487836052489429,0.33779796935321466,0.30839379460861577,0.37234620367140286,687.0943264191237,True,,
I-80,gru_p0,5,5,0.7906862745098039,0.8125,models,20,"i80_p1, i80_p2",False,0.10740648706284235,0.09191140750815395,0.12334896098125617,0.18193376997958896,0.14790575104027814,0.21640004929333015,196.27692660706808,True,,
I-80,idm_core_margin,5,5,0.0,,idm,30,all,False,0.19779653051321736,0.17355532528894735,0.22632252938387837,0.30089297996818143,0.2536965502947674,0.3563548763350715,0.0,False,0.9997138440090714,14.0
I-80,idm_margin_i80,5,5,0.0,,idm,30,all,False,0.23943031139059873,0.18770040535150473,0.29768948243259824,0.47932291810630456,0.35543964752165763,0.6236142949821656,0.0,False,0.9988768124461822,14.0
I-80,residual_idm_margin_free_r0.3,5,5,0.0,0.0,models,30,all,False,0.17578706292879215,0.1496938885314071,0.20231725673493198,0.28138999492457095,0.2286053007551134,0.33691732380401945,0.10976351356356698,True,,
US-101,idm_global,5,5,0.0,0.0,idm,30,all,True,0.13316184915602408,0.11036370761355775,0.163193231170846,0.22863187493977177,0.1829965196138584,0.2881712358950999,0.029735213409814967,True,,
US-101,idm_heterogeneous,2840,2840,0.09167505030181086,,idm_heterogeneous,30,all,True,0.12527732552059387,0.10027023286128174,0.1502868499975686,0.1962247094039282,0.1515859843648363,0.24314025191529196,0.15464351573451182,True,1.1736631912541593,14.0
US-101,knn,5,5,0.9241758241758242,0.9241758241758242,models,30,all,True,0.6277842876398816,0.5736433836901409,0.6895169886233247,0.5831514908085732,0.5047190488008351,0.6823426568571194,1955.9661348938782,True,,
US-101,mlp,5,5,0.9571428571428571,0.9571428571428571,models,30,all,True,0.4276164645225918,0.3953940078751596,0.4641795056218153,0.6513897678489794,0.5442291923496382,0.7745691067656728,725.9006052639749,True,,
US-101,pidl,5,5,0.9076923076923077,0.923076923076923,models,30,all,True,0.41171977106328933,0.3666333501529936,0.46243353258461667,0.5261663520954687,0.4521682084617964,0.6119325683533181,1293.825366987479,True,,
US-101,gru,5,5,0.7153846153846154,0.7307692307692308,models,30,all,True,0.4206806505426503,0.3378523227652114,0.5153635378444045,0.5166253461727046,0.40270537755208097,0.6516028566374491,211.22877213850947,True,,
US-101,lstm,5,5,0.7329670329670329,0.7483516483516484,models,30,all,True,0.8879403690411637,0.7842643873407172,1.0041966367502062,0.8374087808506179,0.6980591678268553,0.9975594983306548,2857.5011668624284,True,,
US-101,perl,5,5,0.9395604395604396,0.9395604395604396,models,30,all,True,0.6614266607910244,0.6206252223076496,0.703875127282345,0.6853138330314362,0.6419204668466495,0.7340301716124805,13481.470804937588,True,,
US-101,residual_idm,5,5,0.02967032967032967,0.029670329670329655,models,30,all,True,0.1557957079247479,0.13475651669709307,0.17648814312145367,0.25551143470167875,0.2131154849326104,0.29686084738939483,0.029490115239189065,True,,
US-101,residual_idm_certified,5,5,0.0,0.0,models,30,all,True,0.11287564813101743,0.10660698740480729,0.11875719491778783,0.12214045519409998,0.10716824367410963,0.13511881659921274,0.22677710109071528,True,,
US-101,mlp_penalty,5,5,0.0,0.0,models,30,all,True,0.3796663600415682,0.3340512495483333,0.427900019501816,0.5175755076422637,0.43952741731909994,0.6025144172644774,1160.573754275797,True,,
US-101,gru_penalty,5,5,0.3593406593406593,0.35934065934065934,models,30,all,True,0.34672233484924314,0.27794072250008345,0.4280057408688471,0.457558964028018,0.3537396084173473,0.5808106225853694,752.931170517257,True,,
US-101,lstm_penalty,5,5,0.4989010989010989,0.4989010989010989,models,30,all,True,0.8856987975209363,0.784945393899935,1.0201495544726642,0.7864217649627725,0.6632014851175215,0.9383995494347533,5540.221880928313,True,,
US-101,residual_idm_certified_het,3337,3337,0.0,,residual_heterogeneous,30,all,True,0.17367056764092267,0.15873207423614769,0.1885096355209138,0.26551373819353674,0.23412446287106256,0.3000224569497898,0.6713347972545125,True,0.9999494296074238,14.0
US-101,idm_core_margin,5,5,0.0,,idm,30,all,False,0.17662238173372657,0.1683098836212451,0.18455085932822682,0.22228680767182604,0.20655606920229078,0.23657318211391878,0.4220812600256802,True,0.9997138440090714,14.0
US-101,idm_margin_i80,5,5,0.0,,idm,30,all,False,0.1323675624311242,0.1145182300841996,0.1540129479453631,0.2095944121947957,0.1792372015685963,0.24769293617996355,0.06786307140509577,True,0.9988768124461822,14.0
US-101,residual_idm_margin_free_r0.3,5,5,0.0,0.0,models,30,all,False,0.14673476236941857,0.13790635579855665,0.15512580366721873,0.18941672222387376,0.17406992703533958,0.20297189346382624,0.29580976308873824,True,,
