corridor,law,kind,runs,runs_expected,scenario_set,macro_error,macro_error_low,macro_error_high,macro_error_dynamic,macro_error_dynamic_low,macro_error_dynamic_high,error_throughput,error_throughput_low,error_throughput_high,error_mean_speed,error_mean_speed_low,error_mean_speed_high,error_queue_discharge_flow,error_queue_discharge_flow_low,error_queue_discharge_flow_high,error_fd,error_fd_low,error_fd_high,error_wave_speed,error_wave_speed_low,error_wave_speed_high,error_n_waves,error_n_waves_low,error_n_waves_high,error_wave_amplitude,error_wave_amplitude_low,error_wave_amplitude_high,error_travel_time,error_travel_time_low,error_travel_time_high,throughput_vph,throughput_vph_low,throughput_vph_high,mean_speed,mean_speed_low,mean_speed_high,queue_discharge_flow,queue_discharge_flow_low,queue_discharge_flow_high,flow_peak_2min,flow_peak_2min_low,flow_peak_2min_high,capacity_drop,capacity_drop_low,capacity_drop_high,congested_share,congested_share_low,congested_share_high,fd_scatter,fd_scatter_low,fd_scatter_high,n_waves,n_waves_low,n_waves_high,wave_speed_xcorr,wave_speed_xcorr_low,wave_speed_xcorr_high,wave_speed,wave_speed_low,wave_speed_high,wave_amplitude,wave_amplitude_low,wave_amplitude_high,travel_time_mean,travel_time_mean_low,travel_time_mean_high,travel_time_median,travel_time_median_low,travel_time_median_high,collisions_per_1000_vkm,collisions_per_1000_vkm_low,collisions_per_1000_vkm_high,vehicles_in_contact_share,vehicles_in_contact_share_low,vehicles_in_contact_share_high,inserted_share,inserted_share_low,inserted_share_high,mean_depart_delay_s,mean_depart_delay_s_low,mean_depart_delay_s_high,g_mean,g_mean_low,g_mean_high,dN_mean,dN_mean_low,dN_mean_high,n_components,n_components_dynamic,runs_with_collisions,scenario,vehicle_km,n_collisions,travel_time_n,travel_time_p10,travel_time_p90,window
I-80,idm_global,idm,30,30,all,0.182341936515302,0.17627888128716562,0.18904603361495728,0.34492950380662024,0.3256373876029945,0.36584433989670495,-0.018628218073316365,-0.027211597999081828,-0.010003860118209333,0.0328605955845574,0.02719811623882045,0.03850680633886972,-0.02633852505033491,-0.031091899208470903,-0.02158090745477418,0.10634753765066371,0.09760388284030364,0.11484613052887929,0.21701681338099066,0.1696591847396912,0.2565905559763869,-0.7355555555555555,-0.808888888888889,-0.6688333333333333,0.010228084495906908,-0.10189923068723286,0.1226146308268275,0.07242436655762761,0.07048422121943126,0.07422029070555033,7323.272727272729,7162.700000000002,7503.118181818183,6.268812319772423,5.846811650331825,6.733823356911712,7256.654051796157,7149.181998746868,7377.082289055974,8582.0,8503.975,8660.0,0.15388597186695838,0.13902533645153306,0.1682966253059908,0.7242424242424245,0.6212121212121211,0.8137121212121212,581.8272746293296,551.2611750596391,612.0114981619535,1.1,0.7666666666666667,1.4666666666666666,-4.281878220138847,-4.540839691756554,-4.063733261118814,-7.0369040219732195,-8.80540560540031,-5.521022189012144,3.7549937867771126,3.4767932320555466,4.052224496631421,68.85777423408503,64.82455027428449,72.4352543111391,65.32216422511425,62.47310122028873,67.8077895260285,0.0,0.0,0.0,0.0,0.0,0.0,1.0,1.0,1.0,0.24348957399918209,0.19483505913906857,0.2965402784859134,0.8045494242424243,0.7964128853535354,0.8126112116161615,9.881070707070707,9.42602537878788,10.341154797979799,7.666666666666667,3.6666666666666665,0,all,,,,,,
I-80,idm_heterogeneous,idm_heterogeneous,30,30,all,0.30248912172419457,0.2547528158259032,0.3573120092564845,0.5202162187154292,0.4211288935980737,0.6323024197398934,-0.04120762812948293,-0.049977676702829724,-0.03229594798694189,0.2098744341867759,0.1732707025511376,0.25017622806699996,-0.04559182753783654,-0.055124307789696014,-0.03551815610738879,0.15956601906394344,0.1464256986354598,0.17213793363869806,0.3479969526502465,0.041416489930478896,0.6066872430905803,-0.5111111111111111,-0.6689444444444442,-0.35333333333333333,0.6834220923102656,0.36966424084971733,1.0116501974165761,0.17336224478688428,0.155780433167194,0.19338348665799918,7148.181818181819,7022.677272727275,7281.09090909091,7.294248878529029,6.857955095450205,7.754099050687655,7110.9323808630315,7000.889645236086,7221.6932672590565,8143.0,8044.0,8239.0,0.1261929274154771,0.11236078582591545,0.14038580781107057,0.9454545454545455,0.9151515151515153,0.9712121212121211,816.7826981860519,782.6680916277736,850.1675636492623,2.1333333333333333,1.3658333333333341,2.933333333333333,-3.5580704791019238,-5.225608045588548,-2.149325987506817,-5.5505586868895245,-6.883281728247937,-4.272856942844938,6.169523716384453,5.263380162253605,7.204563433693985,61.383909575396935,57.726119468541135,64.95320194928574,56.79572792028553,52.615608805647405,60.83621634363364,0.0,0.0,0.0,0.0,0.0,0.0,1.0,1.0,1.0,29.400023973653568,26.538070056324305,32.29229161387164,1.2218059797979801,1.1780648949494952,1.267109146464647,-15.580575757575756,-20.015850252525254,-11.566784848484849,7.633333333333334,3.6333333333333333,0,all,,,,,,
I-80,knn,models,30,30,all,0.49025850232999846,0.46026412151593177,0.521735860621459,0.5079980549760763,0.4599873655349362,0.5593871292474656,-0.4315115645243926,-0.4425346258344964,-0.42107968673922846,-0.34732424162650993,-0.38116167790909283,-0.3151586764275263,-0.43135215583215025,-0.4422810601449605,-0.4209847853064114,0.43268160933285943,0.42543741529940604,0.44039050897983584,0.8413838034617024,0.695550949213858,1.0154923399561926,-0.11555555555555555,-0.23116666666666666,0.00888888888888888,-0.44315018914328164,-0.5300224480600488,-0.3520826181992812,0.686490676359898,0.6116625325460943,0.768014468909925,4234.545454545455,4158.904545454547,4308.377272727273,3.892734744599383,3.705323389070267,4.08759804336632,4234.545454545455,4158.904545454546,4308.377272727273,4933.0,4816.975,5037.0,0.13977842606589794,0.12418309946597368,0.15470592521836746,1.0,1.0,1.0,748.6997249807589,714.7144596681536,781.9595329075421,3.1333333333333333,2.7333333333333334,3.5,-0.8623281978339733,-1.6560471146960232,0.08931700998230811,-2.409168479495974,-2.75392873019286,-2.1402009159934816,2.3366414556512876,2.062555423203198,2.659372594850137,121.60556271448078,114.90634487558673,128.48102285988972,119.37587447561522,112.38778710235017,126.2328102348721,2140.5025719786677,2060.864662195585,2219.7314966556905,0.7048103411323022,0.6776416050783916,0.7345222336381944,0.6769394052393511,0.6567151885196952,0.6974313747784303,220.49609770317997,213.5822254020292,227.34361025890342,1.4896751515151514,1.4846272997474748,1.4947051946969696,-376.4121717171717,-395.41644204545446,-357.41937121212123,7.966666666666667,3.966666666666667,30,all,,,,,,
I-80,mlp,models,30,30,all,0.3078857813018567,0.27372974972833536,0.34851057170900757,0.48528723115512434,0.4108721359207361,0.5764615483504176,-0.16596230336491608,-0.17959966854579656,-0.1512235874658936,-0.044776373246771986,-0.07723454464556764,-0.009523011729070203,-0.1652764176491304,-0.17895375360437835,-0.15050139438412535,0.21433775391828427,0.1999238096096146,0.22806197928626115,0.7860475793862636,0.6106635501639802,1.0325249838091572,-0.48666666666666664,-0.5844444444444444,-0.3955555555555556,-0.02407469703831586,-0.1826527332719178,0.15521671611527557,0.1548706464725613,0.14743126818762964,0.16280602268713912,6215.999999999998,6092.5090909090895,6338.749999999998,5.746077121442034,5.425620161993028,6.089970841210713,6219.2535885167445,6095.7985645932995,6342.026315789473,7017.0,6938.975,7109.0,0.11286437284778396,0.09181057329682811,0.13225424837669156,0.9954545454545455,0.9863636363636363,1.0,721.6492754665957,677.2537002107165,764.248405112908,1.9,1.5,2.2333333333333334,-1.1780922464560717,-2.1395580676910932,0.1569038309471833,-1.415054250113676,-9.132747796123555,8.277503625471631,3.8913151362546765,3.4355289751716653,4.437101367120682,77.10694606392333,73.47422219706968,80.66360121127096,70.83541676214625,66.48860535500991,75.36215338897745,912.5080925554284,861.3155603750682,960.6725992871807,0.3542590278035567,0.33182775879273213,0.3763124019035419,0.9923319761603743,0.9892296943974095,0.9950166598699288,92.08116757657986,87.54431162544839,96.07647180198283,1.472260323232323,1.464708439141414,1.480296295959596,-127.79176262626264,-134.28431275252524,-119.8163053030303,7.866666666666666,3.8666666666666667,30,all,,,,,,
I-80,pidl,models,30,30,all,0.2736333682358162,0.24452716744940747,0.3105873243409435,0.38655723171167894,0.3317160024643211,0.46558131993036234,-0.15208565338317018,-0.17678422376124506,-0.1257376415782618,-0.047159048829267594,-0.096907835742009,0.0069251402581103775,-0.15225983069641646,-0.1769986384050072,-0.1256608800913905,0.20536142054431406,0.1918352273083537,0.21923302684210727,0.7416103152165686,0.582139584418284,1.0064569255781581,-0.20888888888888887,-0.3111666666666667,-0.09555555555555557,-0.07376924567212693,-0.21805846231272938,0.074521858886331,0.2002143052574385,0.17818899348626827,0.2221315881908791,6314.727272727274,6139.809090909091,6488.231818181819,5.69219665597629,5.380924573000173,6.005622784703082,6311.614718614719,6135.459090909092,6486.585606060605,7103.0,6979.975,7241.0,0.11156146383658866,0.09321867960004984,0.12981513081124058,0.9772727272727271,0.968181818181818,0.9863636363636363,867.630925270147,820.9087153056205,910.2561265411998,2.7333333333333334,2.466666666666667,3.033333333333333,-1.419153941764967,-2.289042592733798,0.02737710980298776,-3.2581853084456798,-3.696397786303687,-2.872185437028128,3.8768462597788305,3.5423259256723143,4.2951916070089275,79.65796203143833,75.07176204867594,84.70148706824396,74.5616122739348,69.01689640947801,80.66462768288527,1800.6525203357362,1628.0864023912388,1980.3620998949477,0.6301406546335815,0.5792398984840915,0.6795878490974505,0.9925625622088184,0.9873695689657118,0.9968518242336363,77.87946027625155,72.55398826007658,83.71068104652245,1.4449361515151515,1.421506662626263,1.4682601944444444,-115.66169696969698,-128.84943320707072,-104.2842407828283,8.0,4.0,30,all,,,,,,
I-80,gru,models,30,30,all,0.19206345450079815,0.1636665702241614,0.22282056647103485,0.3124451919290523,0.26124792925510376,0.3730289118411763,-0.042524422150760896,-0.06537393563388037,-0.024677557132276477,-0.04500960338743165,-0.09026641376542079,-0.006047301896152298,-0.04226024398576395,-0.06507070765553244,-0.02448831198047732,0.1252693725152824,0.11612807950806835,0.1361313541228516,0.26301603084056424,0.09373048004483223,0.4329938763105824,-0.4577777777777777,-0.5733888888888888,-0.33555555555555555,0.045023984461155415,-0.07468149201925081,0.151530929005768,0.15011439557524373,0.12409767067782183,0.17913503829552713,7129.818181818181,6988.163636363637,7266.913636363636,5.688823359242411,5.433620367152336,5.955781881530038,7129.818181818181,6988.163636363637,7266.913636363636,8528.0,8390.0,8663.0,0.16263203477616311,0.1443266952075733,0.18155803404588297,1.0,1.0,1.0,924.0533769710559,873.6000551349601,982.1451530964235,2.1333333333333333,1.6,2.7,-4.028614178366829,-4.948955574120576,-3.101738123178424,-4.659580629886306,-5.639361646161328,-3.890203620204403,4.203806199525096,3.8606194029892125,4.51368949922665,76.83695601311882,74.4115153180455,79.30279527775721,71.74651876941228,69.65812696584509,73.6850563309646,205.96827032829577,168.19895668146904,248.96599814538524,0.08293939760901861,0.06679375747960399,0.10094845612896212,0.988740889399604,0.9781463738326832,0.9964819999892103,32.788371179085544,24.589331872009325,42.52400180259471,1.36783096969697,1.309252370959596,1.4195905578282828,-61.73847474747474,-84.71167247474746,-42.13804785353534,7.833333333333333,3.8333333333333335,30,all,,,,,,
I-80,lstm,models,30,30,all,0.7155056307623168,0.6623975982358185,0.7736914722746665,0.6565047776081442,0.5770546935519522,0.7543761359453506,-0.7732568540059418,-0.8394350158384817,-0.7059494321908115,-0.7372181050814363,-0.8150595437737979,-0.6444812809474514,-0.7682086142438841,-0.832058994531925,-0.7032646537967764,0.6273146657729313,0.5662250594815829,0.6932121918584224,0.6605910044931068,0.4785327759364212,0.8939708041513336,-0.07333333333333333,-0.2711111111111111,0.14683333333333318,-0.6406630781521302,-0.8181245514682953,-0.3998130728238208,0.7820937921023609,0.6300715543562678,0.9369593398095575,1685.8181818181822,1201.3636363636365,2177.690909090909,1.5220440048267627,1.0953295505799763,2.0302549312054365,1724.924386724387,1261.4745382395383,2213.6403391053395,2630.0,2021.975,3280.0,0.43232706138194915,0.35581006416902106,0.5137272673364602,0.7621212121212121,0.6757196969696969,0.8469696969696969,737.7229750887169,626.1142947267831,853.4368147843958,3.033333333333333,2.4991666666666674,3.634166666666666,-1.8669187321612672,-2.850933177607828,-0.5978573134334595,-2.2568498573140734,-3.898588466757422,-0.5849557964279924,1.5241369443077954,0.7968367676027951,2.5197762341254606,101.20634736011445,83.8870432274477,116.82312963470471,86.55213205022507,71.94830524221513,100.36252930171761,4664.165336592964,3293.5369135197966,6246.48784171395,0.4059757826175655,0.3667035411114699,0.44406896389554823,0.3347765826260878,0.2597947021577449,0.41097608190732143,188.36222193419252,160.23260273604865,217.46873501996194,1.4994588484848486,1.499115952020202,1.4997496285353533,-604.4343434343434,-654.5221337121211,-550.4711058080809,7.833333333333333,3.966666666666667,30,all,,,,,,
I-80,perl,models,30,30,all,0.4306684037685713,0.3956252568469904,0.4642798662348067,0.6518097256221564,0.5856250087957189,0.7182316142887015,-0.04101682298987233,-0.05692745231402998,-0.024937131832903914,-0.2923920832457563,-0.3366798937454821,-0.25190709222189106,-0.04075496822231669,-0.056562246015592337,-0.024755578504922,0.2078787255077709,0.19005339116311226,0.22523217483436872,0.9249450290625195,0.6551289874992046,1.1918181114432633,-0.9044444444444444,-0.9533333333333334,-0.8555555555555557,-0.15705115566170888,-0.33025564176919797,0.021238266456927477,0.6087112738591668,0.5159902821004934,0.7055865800042946,7137.454545454546,7079.072727272728,7195.09090909091,4.150223370716766,4.079328975112735,4.221608687822258,7137.454545454546,7079.072727272728,7195.090909090909,8125.0,8005.95,8254.025,0.12012023017815344,0.10811007322469451,0.13251820363468195,1.0,1.0,1.0,814.4953987360793,785.7259337447994,843.4796925329729,0.36666666666666664,0.19916666666666744,0.5333333333333333,-0.4023788473957696,-1.8885783150607427,1.073078093139765,-4.2979651617372125,-4.985358558660565,-3.641614691900558,3.289677199791053,2.754271308422312,3.8236213923017734,114.16201337368156,112.03322474480065,116.25745684605367,112.72039817903364,110.7294126847205,114.69094712034078,11683.26158432883,11293.911061710076,12058.18985570072,0.9123010754243375,0.9043906609472584,0.9193601230110522,0.9890018216705061,0.983053838186026,0.9942440876631725,37.62289793359874,32.64531419457425,42.73694174337122,1.475709262626263,1.459599541161616,1.4898330244949494,-126.29189393939393,-144.19425315656568,-109.33008030303031,7.3,3.3,30,all,,,,,,
I-80,residual_idm,models,30,30,all,0.15760440410102447,0.12604246150818144,0.20746250088191884,0.26773743679794737,0.20375655187060654,0.3685697809885618,-0.018005430992956033,-0.024599897502539637,-0.011185848008182397,0.05793741580249934,0.04984077333084496,0.06667718885043618,-0.03142006916044645,-0.03853446708568903,-0.02438084389223851,0.11891118537271904,0.10928923735103149,0.12863481963822448,0.4721911766121661,0.31079314805348973,0.9154097799622007,-0.20444444444444446,-0.30444444444444435,-0.10883333333333337,0.09051443961308242,-0.004203989500277129,0.19251534826133918,0.08238605088917346,0.07840651667150599,0.08665603663952781,7327.272727272727,7175.781818181817,7500.218181818182,6.437482552072088,5.95977514378894,6.942706323463396,7218.421356421356,7108.94414141414,7339.015937950939,8701.0,8588.975,8807.025,0.16869513227465227,0.14920388881917104,0.18838207115126498,0.7651515151515151,0.6484469696969697,0.8667045454545453,946.094027724805,870.1693850815677,1020.596610281217,2.933333333333333,2.533333333333333,3.3333333333333335,-2.890624772029809,-3.764938817112553,-0.48518519858411363,-4.097760907459644,-4.3062064618154885,-3.8775031654903396,4.721924755294947,4.433316755488396,5.027001538452329,67.7771692789491,63.60758444770789,71.44610473873078,63.73049229667715,60.610873564682194,66.55959451451972,0.0,0.0,0.0,0.0,0.0,0.0,1.0,1.0,1.0,0.37935678332724154,0.26315153882152637,0.4982521828116107,0.7299072727272726,0.7176329525252524,0.7425776022727272,13.526217171717173,12.888003914141416,14.153982070707071,8.0,4.0,0,all,,,,,,
I-80,residual_idm_certified,models,30,30,all,0.12479466099382482,0.10925544803592158,0.14398486334792623,0.18959850142857312,0.15876120715993036,0.22816369283889895,-0.02911473730998271,-0.040747636995003715,-0.017389359834708212,0.04980247395881572,0.04210885784158727,0.05766548566956117,-0.07677325276350912,-0.09238992912821603,-0.05878362492726373,0.11307530297052124,0.1031320525893852,0.12326202432197551,-0.02321946536283296,-0.0639980980788076,0.01658698418577326,-0.29333333333333333,-0.3533333333333334,-0.23555555555555557,0.16177853639657566,0.05542785589159002,0.29048199502758576,0.07983060043512723,0.07804555999928985,0.08149948211594542,7246.363636363636,7065.236363636365,7440.3772727272735,6.383905513538132,5.928107560883808,6.881533862200782,6895.9,6683.875833333332,7147.607777777777,8691.0,8629.0,8752.025,0.2057183529256416,0.17466706634135767,0.23285617944258355,0.29545454545454547,0.23181818181818184,0.35306818181818184,893.0922499248721,827.4007597758787,955.9163399283401,2.6,2.2666666666666666,2.9008333333333325,-5.588622950323355,-5.788463972838313,-5.39404741412047,-7.991886662451,-8.487417804771537,-7.540565877574982,5.133229272609275,4.622241362267144,5.681880626961778,68.01335666130511,63.93147857893926,71.61793891819562,64.96208317591388,62.46192461230234,67.21756216457887,0.0,0.0,0.0,0.0,0.0,0.0,1.0,1.0,1.0,0.2396156287039803,0.17315263918516832,0.3089652535544139,0.7302634040404041,0.7209497838383839,0.7401516275252525,14.119848484848488,13.398402398989901,14.813974747474749,8.0,4.0,0,all,,,,,,
I-80,mlp_penalty,models,30,30,all,0.2726689929130315,0.25399346394258393,0.2891409877380777,0.42314975589376946,0.3856425974598499,0.45875128341795973,-0.10771372997099725,-0.12826860519457906,-0.08612014499199683,-0.011755300245363098,-0.056922917173945556,0.029934761917466874,-0.1067291247028974,-0.12729599295728725,-0.08514125973799817,0.1948773918816098,0.18417513621543244,0.2055083134024406,0.5255659871319882,0.47410310061959676,0.5702052095589866,-0.43333333333333324,-0.5177777777777777,-0.33772222222222226,0.2353070370153718,0.04616986639395926,0.4228080974694194,0.16472288538795243,0.1518899989882896,0.177927595212598,6642.181818181819,6517.627272727274,6761.6500000000015,5.883507508288104,5.6424227707240195,6.109315050507569,6647.867076782867,6523.281535657325,6768.1853668261565,7604.0,7441.0,7768.025,0.12382609899756723,0.10467109487308748,0.14314110364253405,0.9787878787878787,0.9651515151515152,0.9893939393939395,826.7543957223081,771.4233973585764,882.8740874471287,1.9666666666666666,1.7333333333333334,2.2,-2.5948195469474538,-2.8808714292871827,-2.348525438459295,-3.0370905317288313,-3.793135861663661,-2.5088243893366506,5.078312526023185,4.557057285468614,5.628023524562644,73.76150959224886,71.21758961089472,76.72417668080645,69.77711245905084,65.95638923558217,73.7328390420072,1588.4532398807348,1483.237110206718,1697.8563963016156,0.5993304325872054,0.5616575872322195,0.6360044719689728,0.9973647818760868,0.9957310329573105,0.998687952158221,55.539874634027036,48.55353325645805,62.996908307806386,1.409867676767677,1.3791861252525248,1.4411947724747478,-80.4496414141414,-96.78285757575757,-65.39367714646465,8.0,4.0,30,all,,,,,,
I-80,gru_penalty,models,30,30,all,0.23467608126417563,0.1849728176679885,0.29633334635407427,0.3626531328003018,0.28259460583276613,0.4621082864785081,-0.0644360218757065,-0.1017106442973514,-0.033951406699744384,0.0404481292962022,-0.01405184095865476,0.09741287744156041,-0.052705865863794624,-0.08496612111457452,-0.028099183420555177,0.15682469718098027,0.14027194594029613,0.17662502400444802,0.4936533311592814,0.351034597526938,0.6825964144671064,-0.35999999999999993,-0.45999999999999996,-0.2644444444444445,0.24619738564081178,0.03975603604695094,0.4876621371704135,0.18038151200047078,0.15737626255825948,0.2078459502493405,6981.272727272727,6664.659090909092,7242.0545454545445,6.232900685822767,5.859149058034182,6.629445379839845,7066.2054172178005,6781.271255584801,7296.221322356695,8660.0,8366.9,8942.025,0.1818305094709223,0.15756567156964915,0.20814457093504993,0.9424242424242425,0.9015151515151515,0.9727651515151515,1068.1145507317208,983.640491885594,1161.3826652297735,2.4,1.9333333333333333,2.8666666666666667,-2.777249948700107,-3.561542750332649,-1.7505094589439534,-4.582872268354987,-5.384676681531739,-3.7585361007881537,5.373375359248073,4.4962248720247775,6.323456140925511,67.66643652206525,63.62870777073236,71.83961194496035,60.19766102957906,56.39552447660519,63.97551425207031,730.5794706394743,685.6893338989463,777.0852263236771,0.2390654604991491,0.22416773872313453,0.25535557911033074,0.9884326958231984,0.9734454075295754,0.997791129137001,45.54033043797653,28.297250495171248,66.32449946458813,1.2960806363636366,1.199689279040404,1.383403887878788,-77.77924747474748,-113.13970227272726,-44.95946818181818,7.966666666666667,3.966666666666667,30,all,,,,,,
I-80,lstm_penalty,models,30,30,all,0.7343595619515916,0.6733569398544087,0.7951124274777025,0.6840404977191293,0.6006894725541951,0.7719939378936194,-0.8047180174172054,-0.8843950347163687,-0.718285433161772,-0.8322881110754543,-0.8852669673381786,-0.7702029846431574,-0.8066884192963677,-0.8847360779179861,-0.721860401074759,0.6091319928334497,0.5248259630108517,0.7008747901111924,0.6310950085804156,0.37962068397664456,0.9290450305840466,0.06888888888888886,-0.20888888888888887,0.3378333333333333,-0.7896879321373278,-0.8865305582015858,-0.6690733212814624,0.6453194103608534,0.5073644080900679,0.8179596208933799,1446.5454545454547,861.6045454545455,2096.1181818181817,0.9710382938015449,0.6612065450139627,1.301806484863976,1430.8608146755205,855.2729614176673,2072.592896678485,2344.0,1694.9,3083.2999999999997,0.5286055053119634,0.41827447450321786,0.6300795955347925,0.7166666666666668,0.6272727272727274,0.8030681818181818,737.3695234268073,628.5924423626585,840.6746416852743,3.5,2.6991666666666676,4.266666666666667,-2.0373402620583403,-3.4112659190140677,-0.41071755526125253,-0.9988925169564609,-5.220013373585615,5.718124984342998,0.8754812628277703,0.46080916493939267,1.3764156590089767,75.58135321499935,57.69665752988177,94.37501600880067,67.8513832019006,53.71580966610826,84.13896654303562,8041.714665882814,5640.841349081442,11400.164300163102,0.569581713899551,0.5267822713384758,0.612477728838357,0.29540439753807973,0.2085424416312653,0.38843160718688985,152.26909295701392,125.5095396146857,176.52951030247036,1.4997874646464644,1.49966536489899,1.4999017282828286,-669.4394444444445,-725.7641131313133,-612.0993958333333,7.733333333333333,3.8666666666666667,30,all,,,,,,
I-80,idm_heterogeneous_all,idm_heterogeneous,30,30,all,0.3362017653393336,0.2761402562023814,0.4055563825615097,0.5732996239722302,0.43283595460365154,0.7383594528533016,-0.13110020518341103,-0.1426575247720358,-0.11962603317687466,0.11348951788621404,0.0774814186786959,0.15134648940941206,-0.13074901345995255,-0.14226000282108184,-0.11934872111907213,0.21835967905147083,0.20299889912161834,0.2351676178639544,0.9919553709117983,0.6216258366914917,1.4523631752008308,-0.4355555555555555,-0.58,-0.2866666666666667,0.27768169057179287,0.05408878540797056,0.5062413770442792,0.14029075933689372,0.1297202070103043,0.15136312844098437,6475.818181818181,6367.09090909091,6591.277272727271,6.675105802196625,6.3467574168009016,7.025445712423651,6476.649350649351,6369.011038961038,6592.331818181819,7467.0,7362.0,7580.025,0.13229878083522248,0.1200815173278414,0.14526825944752628,0.9984848484848484,0.9954545454545455,1.0,835.1666291281604,805.6928116127109,866.4040670094922,2.2666666666666666,1.6325000000000007,2.966666666666667,-0.058169626780500396,-2.079675825625919,2.447163811032478,-4.2069670439962605,-6.152055473912781,-1.3111350223293,4.938107796993485,4.330084161984901,5.569012252524571,66.3944571785403,63.32541307387607,69.46943127238696,61.090956154666216,58.07028804206933,64.05492287028257,0.0,0.0,0.0,0.0,0.0,0.0,0.980566442084292,0.9741383254676845,0.9868048505091934,77.26950862329925,73.29920510776893,80.77950466305184,1.4477601717171715,1.4264610055555556,1.4665259722222226,-95.31655050505051,-105.63138964646463,-84.72908648989898,7.8,3.8,0,all,,,,,,
I-80,residual_idm_certified_het,residual_heterogeneous,30,30,all,0.20031263948581882,0.17562968017192943,0.22585569906235947,0.36832836586398077,0.3026769856301377,0.4366296861061953,-0.024758015635972585,-0.03381363374672779,-0.015464662320317298,0.09478637112770268,0.0833723364025297,0.10757235945825644,-0.01818926947541646,-0.02370095221175799,-0.012769242266591846,0.1294930875561859,0.11619470880695924,0.14218996997953803,-0.07703811596044138,-0.27244387195104136,0.07808692606099808,-0.6088888888888887,-0.7333333333333332,-0.48438888888888887,0.09275619592358565,-0.01958810985177034,0.20654098683730882,0.09881229840570382,0.09189182213521205,0.10645787378918088,7277.272727272727,7116.827272727273,7457.313636363638,6.615926533735947,6.231617048172692,7.060883381698398,7322.555844155845,7182.452402597403,7488.1996969696975,8503.0,8444.0,8561.0,0.13852795520459396,0.11892488494035919,0.15613677298774276,0.9681818181818181,0.9575757575757573,0.9787878787878787,641.9347184933249,607.7622228021102,675.2987459514378,1.7333333333333334,1.1,2.3666666666666667,-5.885619883605355,-6.9430790079509,-5.044988175281367,-4.662131647004668,-5.65561856506185,-3.630979982326017,4.088466156774561,3.775133611441472,4.40006087091533,67.84217378402263,64.34658342880827,71.04877448662367,66.35791715404916,63.63813619707662,68.8312484768693,0.0,0.0,0.0,0.0,0.0,0.0,1.0,1.0,1.0,13.472551436660874,12.436590331693845,14.50259492542791,1.1002159696969698,1.0869104722222223,1.1144706012626262,-4.944550505050505,-5.672030934343434,-4.249222474747475,7.666666666666667,3.6666666666666665,0,all,,,,,,
I-80,residual_idm_certified_r0.1,models,30,30,all,0.19658784827451042,0.17728520437607267,0.21846493702261857,0.3012756765559524,0.2614114660422859,0.346474135629279,-0.030900067420604117,-0.042942809571369665,-0.018708925693376132,0.072661427680801,0.06421900059596124,0.0812494517497793,-0.18230686351376005,-0.19041291352929282,-0.17515469317840002,0.1488670254429579,0.13466465111876136,0.16348029926072077,-0.04419806656552933,-0.09807682058240484,0.014161547363519184,-0.38222222222222213,-0.46222222222222215,-0.3022222222222222,0.11172434325574822,-0.10570917507082746,0.3230381486885181,0.08901239911371843,0.08783803564436535,0.0901507926953582,7233.09090909091,7054.122727272728,7426.272727272727,6.522826977851648,6.054290821427896,7.0328349378786905,5879.857142857143,5834.985714285715,5924.446428571428,8700.0,8639.975,8759.025,0.32687738625054197,0.3177678397749809,0.33607484130285853,0.18636363636363637,0.13787878787878785,0.23030303030303026,830.0360795499383,773.1569369100208,886.4953878151491,2.4,1.9333333333333333,2.8333333333333335,-5.700054300900007,-5.973144854949518,-5.403417020321959,-6.8668325138690545,-7.20073489043348,-6.52033114903281,4.580141268145827,3.9911329536028215,5.208593356848984,67.38619703247191,63.344052389448976,70.90161434210853,64.25222462316684,61.82955004400114,66.46246760946156,0.0,0.0,0.0,0.0,0.0,0.0,1.0,1.0,1.0,0.04388718746148277,0.03604762739290692,0.05344385753179934,0.6738555252525253,0.665007637878788,0.6829273487373735,17.229732323232323,16.35936414141414,18.076110732323237,7.666666666666667,4.0,0,all,,,,,,
I-80,residual_idm_certified_r0.2,models,30,30,all,0.180856336356967,0.15766929285714795,0.20368660498362498,0.27727748800882973,0.2316004173836278,0.32244046844465535,-0.030094054864562122,-0.042190173550035855,-0.017819117237161865,0.062007537243668635,0.05368138816597349,0.07062963079908575,-0.17757626468833362,-0.1883453453453453,-0.16442930569115913,0.1430425275363185,0.12991552655270455,0.15478905914176594,-0.044271772883896506,-0.09341270074916264,0.00863299615151474,-0.42,-0.4933333333333333,-0.3510555555555555,0.20986785267556513,0.027778857868064947,0.40468466537117476,0.0858330256195361,0.08428895565170764,0.08747280926703883,7239.09090909091,7059.936363636365,7432.581818181818,6.4588257677436465,5.993961328919656,6.963124009371793,5913.928571428571,5845.2375,6006.619642857143,8691.0,8621.975,8758.0,0.32258001405556697,0.3106243509317893,0.3337813091987194,0.21666666666666662,0.1590909090909091,0.26821969696969694,870.0390711234216,797.7094203057549,940.9857390545498,2.2333333333333334,1.8333333333333333,2.6333333333333333,-5.701928610130122,-5.9494839448998595,-5.434620468495709,-6.839248315570996,-7.219356275888249,-6.5194167533417575,5.182652598912343,4.599983573457982,5.807710028267629,67.62654031139854,63.55584665905773,71.18815349168806,64.71716499438705,62.38958582726895,66.75002327023641,0.0,0.0,0.0,0.0,0.0,0.0,1.0,1.0,1.0,0.0866054304535539,0.06330800713274469,0.11176076782187169,0.6993783838383838,0.6907682997474746,0.7086633022727272,15.769237373737376,15.030648989898989,16.503325505050505,7.666666666666667,4.0,0,all,,,,,,
I-80,residual_idm_certified_r0.5,models,30,30,all,0.10838764581175307,0.09171248870982525,0.1257729145024771,0.1640291544445268,0.12844810904115633,0.20196604191916415,-0.026853180119038686,-0.0366854972396193,-0.016925863149839297,0.058016783738760506,0.05283306809721648,0.06289282223512327,-0.034418122272774083,-0.04666504405802253,-0.02135125491978708,0.11492709259880603,0.10575550543883132,0.12402542324821046,-0.020801926145462443,-0.0638903893501855,0.022651702894283317,-0.03777777777777777,-0.18444444444444444,0.11777777777777779,0.0626346082265789,-0.006460111714879304,0.13763665253437904,0.08388083132281914,0.08003274808716812,0.08723679246124842,7262.363636363637,7094.904545454546,7448.927272727274,6.411311398295192,5.988325832714456,6.86623805104994,7208.983982683984,7009.422791375291,7428.695484515485,8587.0,8521.975,8648.025,0.16030977138365662,0.1358705871083358,0.18271998649277704,0.5060606060606061,0.42875,0.5742424242424242,823.2536961384629,778.0067032594234,867.8640353982138,3.566666666666667,2.933333333333333,4.166666666666667,-5.578522966115233,-5.806067411794143,-5.356277326385405,-7.813692066908362,-8.9122829080883,-6.932124716686525,4.685665856190693,4.355637738183597,5.023758919213243,67.46787680332399,63.76429949996694,70.82809005067661,65.50721320205615,62.71456784109461,67.89033725254804,0.10959503089599085,0.0,0.27435473763496343,4.5403530252015106e-05,0.0,0.00011376390164268953,1.0,1.0,1.0,3.928883833022752,2.9941922164290293,4.780579015470222,0.8169146363636364,0.8049172441919192,0.8289229429292929,9.380787878787881,8.733498232323234,10.006143686868684,8.0,4.0,2,all,,,,,,
I-80,residual_idm_free_r0.3,models,30,30,all,0.209161930652471,0.17570720700948558,0.24911248060947067,0.35575910112109244,0.2891957152843585,0.4368546136331876,-0.01815616958608606,-0.027119293192804463,-0.008915756435498738,0.08114247283300778,0.0720005665757066,0.09096310690651518,-0.029705507816465325,-0.03718819994198103,-0.021390249536382584,0.14844770894800105,0.1337785712056446,0.1629429114260865,0.6586088262235775,0.4609490425135608,0.9738451343729124,-0.28666666666666657,-0.3711111111111111,-0.19333333333333333,0.2545597879501269,0.15072429088177933,0.36186877619458213,0.11556660836104496,0.11042900744565942,0.12077994742782411,7328.727272727271,7157.43181818182,7527.090909090908,6.579440124927195,6.095629876497209,7.106079536266215,7234.370229770228,7106.001255411256,7387.354269064268,8703.0,8603.95,8807.05,0.16812499274875853,0.1505599699652356,0.18429769729699433,0.7939393939393941,0.6833333333333333,0.8848484848484849,1089.619199257879,1018.3277779130075,1156.2996399231456,2.7,2.2333333333333334,3.1666666666666665,-1.872385810207111,-2.947894434116645,-0.17320146915309584,-3.724025063018321,-4.7741037925684084,-2.3650056548117777,5.512142115103176,5.060812157906452,5.973220842654053,65.46651069907207,61.46211005500771,68.95671313221641,61.52294167038608,58.57797243489542,64.02121674626355,0.0,0.0,0.0,0.0,0.0,0.0,1.0,1.0,1.0,0.6254638974114647,0.38615461635498544,0.8848509294876035,0.6725274646464645,0.6626734037878789,0.6833490184343434,16.480282828282828,15.921723106060604,17.008434722222223,8.0,4.0,0,all,,,,,,
I-80,idm_global_p0,idm,20,20,"i80_p1, i80_p2",0.1863949276188002,0.17240892505700486,0.19912365246448943,0.3224918592867658,0.29584129980671847,0.34688192164467524,-0.026530237133685425,-0.03643198586517551,-0.016812985399192328,0.045011820950846076,0.03776445170955646,0.052237370470785624,-0.04615707920444849,-0.052677705575426656,-0.04008806479811662,0.13144275090952945,0.12054155687187083,0.14238662293274137,0.30996200453023315,0.2886088459358438,0.3302478292038769,-0.6466666666666667,-0.6833333333333333,-0.5999999999999999,-0.08802324720035296,-0.18451215808682908,0.014393342163523082,0.08349284651435834,0.08158425335098723,0.0852504467031361,6999.272727272728,6956.7136363636355,7040.475,5.468760216815178,5.422424585702746,5.514985806735908,6859.3613469605725,6818.614569976592,6899.366849299436,8592.0,8472.0,8710.5,0.2008554391839815,0.18977722573623487,0.21188285802132462,0.7204545454545455,0.6795454545454545,0.7568181818181818,782.098000329763,749.8495590427418,813.1083049053708,1.4,1.2,1.6,-3.7875954992260423,-3.918419350944704,-3.659586479859207,-7.39413967295643,-9.121742767871382,-5.905951138084208,3.398383834389988,3.140598614572063,3.684557412457161,75.70371945856375,74.87486681462715,76.56718636092988,69.60553472903985,69.11259241685538,70.07311680414055,0.0,0.0,0.0,0.0,0.0,0.0,1.0,1.0,1.0,0.10591318127624898,0.09064804126695715,0.1249010190379084,0.7450312121212121,0.7339994636363637,0.7564100640151515,12.963151515151518,12.307613068181817,13.612200378787879,8.0,4.0,0,all,,,,,,
I-80,residual_idm_certified_p0,models,20,20,"i80_p1, i80_p2",0.17277050971508856,0.14567381292240789,0.2024505873570698,0.2816190977656252,0.22297094844519777,0.3441138145496604,-0.042947085016050546,-0.05741453091022057,-0.02856212462462465,0.0362172051324791,0.03057460559901805,0.04202538609706141,-0.09806233244738988,-0.1113755876566221,-0.0837655439922681,0.1274117326312336,0.11650049516881798,0.13839483554910073,0.03021190340440414,-0.012729041391928373,0.07253625744176118,-0.4166666666666667,-0.49333333333333335,-0.3466666666666668,0.41647010300579124,0.22265842016253512,0.6365042201260305,0.07846106406228834,0.07672245943915755,0.08024964485691301,6880.363636363637,6804.490909090909,6955.636363636363,5.422651698787582,5.384442394178279,5.461369847586875,6484.433333333333,6413.998333333333,6562.304166666668,8716.5,8625.0,8803.575,0.2552328862599034,0.23924832648620176,0.27070155529767154,0.4295454545454545,0.4113636363636363,0.44545454545454544,1010.317483556425,979.7101150140468,1039.238708466868,2.45,1.95,2.95,-5.312163821272302,-5.524621568474125,-5.101973443254639,-9.764109627728763,-11.422669534775805,-8.248666475083565,5.2731150995989875,4.656146741271627,5.9626012182892145,75.65031274545744,74.62263233607251,76.67115275847176,69.5831867094046,69.17986577114357,69.97862555965237,0.0,0.0,0.0,0.0,0.0,0.0,1.0,1.0,1.0,0.3529442119670745,0.2852926790461548,0.4226309479847997,0.7366589090909093,0.7231041193181819,0.7494166431818184,14.109484848484849,13.052105681818182,15.224764393939392,8.0,4.0,0,all,,,,,,
I-80,mlp_p0,models,20,20,"i80_p1, i80_p2",0.2301707842453385,0.21272297214783684,0.2487836052489429,0.33779796935321466,0.30839379460861577,0.37234620367140286,-0.11338510924717822,-0.1392252316972145,-0.08960649011080046,0.0280669088013564,-0.023317098504745542,0.07534136652788388,-0.11309957124612294,-0.13925840341573098,-0.08930988762777554,0.22098841935693309,0.20887537486323493,0.2329992802132353,0.5186021991933069,0.5089648148111958,0.5277776970179074,-0.33333333333333337,-0.3766666666666667,-0.28,0.07990704378269776,-0.08147022838641028,0.2554434724484879,0.15484451128502547,0.1469705338976899,0.16237870284341932,6372.272727272728,6211.009090909091,6517.643181818183,5.381925506255423,5.10672953669413,5.6377271458357505,6374.338961038961,6213.074707792207,6519.343506493506,7545.0,7435.5,7645.5,0.155456714471595,0.14179106719135873,0.16909675718796036,0.9886363636363636,0.9772727272727273,0.9977272727272727,866.1256851227296,827.5291923900726,904.9701998022624,2.6,2.4,2.8,-2.6413456596495104,-2.70372745827388,-2.5792251639024815,-3.4703024506782945,-3.80157037179695,-3.151235665592785,4.022984346457258,3.532800196163819,4.5785901664492545,78.0775131910715,74.25215189514797,82.36349060901883,70.71127218018773,65.00434715157012,76.9751141320809,687.0943264191237,611.9172414042389,771.2148010485356,0.2602584473483734,0.23387171178984406,0.2906345964362382,1.0,1.0,1.0,64.46163517465213,57.74775707814616,71.8523052200928,1.4614221363636362,1.4488280268939395,1.4744450299242426,-79.75821212121211,-92.14657462121211,-68.55021325757576,8.0,4.0,20,all,,,,,,
I-80,gru_p0,models,20,20,"i80_p1, i80_p2",0.10740648706284235,0.09191140750815395,0.12334896098125617,0.18193376997958896,0.14790575104027814,0.21640004929333015,-0.02101118359739052,-0.027517694418556494,-0.014421242363052741,-0.0003338577997473212,-0.004667842500247073,0.0034149917513261463,-0.021011183597390442,-0.02751769441855644,-0.014421242363052669,0.11833932076947369,0.10864074759180321,0.12723764801056145,0.23372598976290354,0.225339319687033,0.24204265952897952,-0.21333333333333332,-0.3166666666666667,-0.10666666666666666,0.12012843753821807,0.06792855628667349,0.1792800413642132,0.08231402540021304,0.07212045057062333,0.09168230394874435,7039.636363636363,7019.181818181818,7058.461363636364,5.231224457139843,5.202732082735706,5.256173885213766,7039.636363636363,7019.181818181818,7058.461363636364,8647.5,8473.5,8820.0375,0.18403684248178934,0.16603313751445467,0.2021954396312719,1.0,1.0,1.0,978.890084839761,953.2446359269114,1005.0233296782519,3.3,2.65,3.95,-4.202304406391499,-4.245610442934634,-4.159735644009149,-4.625120232840748,-4.773837707150437,-4.484932635636042,4.237126216173732,4.049434726861133,4.420728197061329,81.37821445538675,80.73683020843119,82.06594947853135,76.93369578436095,75.8516108014602,77.9959095354719,196.27692660706808,185.05500116410397,208.91346058482657,0.07451437530342792,0.07043790178373946,0.07898844592612038,1.0,1.0,1.0,3.611880444177926,3.304780243186217,3.9081957954865434,1.0001211212121213,0.9800354950757575,1.0219736465909095,-0.011318181818181866,-1.1055776515151512,0.9971859848484844,8.0,4.0,20,all,,,,,,
US-101,idm_global,idm,30,30,all,0.13316184915602408,0.11036370761355775,0.163193231170846,0.22863187493977177,0.1829965196138584,0.2881712358950999,-0.01318939330301247,-0.01697758692243381,-0.009580742489361124,0.05434086994516621,0.04651332331185857,0.06314243254367524,-0.010599298109152779,-0.016389217337020638,-0.004651305142707054,0.10672551436547596,0.09793123655866925,0.11511280438583826,-0.15420409036067556,-0.43942987884388257,0.07103749088920751,-0.14,-0.24449999999999997,0.0022222222222222127,0.010651589675368741,-0.02505007267511378,0.05090198524581381,0.06610506190345157,0.06191733195383654,0.070693791855719,7627.2307692307695,7452.91923076923,7809.569230769231,9.813371701292828,9.188432194344635,10.469615120291285,7428.262470862471,7274.8402988678,7596.780004995005,8531.0,8404.0,8653.05,0.12902343526253357,0.11435086373424741,0.1440497482991798,0.4448717948717949,0.4127884615384616,0.4769551282051282,757.5229627042606,733.9301283303671,780.3026869295514,2.2333333333333334,1.9,2.566666666666667,-6.660111732679198,-8.428888356739426,-5.239156052007676,-3.5312416343299207,-3.782347598950181,-3.3492605940814766,8.391792896719439,7.619258496918302,9.319799760115997,62.858345972163185,58.6102388971547,66.95515271344995,60.65190114859629,55.982255985621705,64.9230022203,0.029735213409814967,0.0,0.08920564022944491,1.6767270288397052e-05,0.0,5.030181086519115e-05,1.0,1.0,1.0,1.8625297330131794,1.3146104565608798,2.508824893475922,0.9142321367521368,0.8980830630341882,0.9336261079059829,4.288393162393162,3.3186946047008545,5.095846848290599,8.0,4.0,1,all,,,,,,
US-101,idm_heterogeneous,idm_heterogeneous,30,30,all,0.12527732552059387,0.10027023286128174,0.1502868499975686,0.1962247094039282,0.1515859843648363,0.24314025191529196,-0.02902832107870447,-0.040172237215499174,-0.019558382163271965,0.025425851173627077,0.002893213993909842,0.04490978058052833,-0.019374592881952566,-0.04005731580453897,0.0002069889873167043,0.08658489071186463,0.0807989772420441,0.0926073228015292,0.1570847545798282,0.11834049857942917,0.18867142214250696,0.022222222222222206,-0.13116666666666663,0.23333333333333334,0.1965187874088127,0.11577850047310244,0.2777308826756744,0.09427072271072703,0.08060391126255896,0.10995653273050715,7505.846153846153,7323.373076923078,7707.957692307692,9.522621494757832,8.945669002781116,10.182642648824327,7361.716845143161,7162.473641723772,7582.334240985623,8920.0,8773.0,9088.025,0.17419864245398609,0.15124632050610917,0.19625323680136372,0.5294871794871795,0.44230769230769235,0.6128205128205129,1025.7072657433096,987.0361893296874,1065.29839459393,2.6,2.1333333333333333,3.0,-4.779763013547887,-5.077714829015572,-4.537645398296624,-4.661820315022437,-5.012202512383421,-4.403568775841775,9.667351690911095,8.918614356517393,10.479008834528852,64.86239039776056,60.31384743887636,68.82944636838707,60.07422649021324,55.62866490394641,64.1181727504877,0.15464351573451182,0.02970469337836475,0.3207816489184276,8.62049642115187e-05,1.6625103906899416e-05,0.00017876519224360634,0.9991921523369879,0.9975764570109635,1.0,8.61925112230224,5.30251141510628,12.49106101731538,1.0871313247863248,1.0364672044871794,1.1374250935897436,-9.475777777777779,-17.381074786324785,-3.288613247863249,8.0,4.0,4,all,,,,,,
US-101,knn,models,30,30,all,0.6277842876398816,0.5736433836901409,0.6895169886233247,0.5831514908085732,0.5047190488008351,0.6823426568571194,-0.5269129055613557,-0.5378638630167358,-0.5156158462222658,-0.4968456741367355,-0.5311689447736962,-0.4663006315626222,-0.512701563536763,-0.5236586135246366,-0.5012883387692068,0.43851628528464315,0.43128944064181474,0.4460387487078455,0.7151628737770549,0.546092559096459,0.9093830886398944,0.2444444444444444,-0.05122222222222213,0.5667222222222221,-0.48589300541666464,-0.5665225490073718,-0.40553966644623396,1.153208194649905,0.985408928002983,1.3490937323221421,3643.6923076923067,3591.996153846154,3696.6307692307687,4.552518091233481,4.370366819895982,4.736793027011623,3648.0966853436416,3594.7966475698213,3704.598821070234,4688.0,4556.975,4823.05,0.21862201026151043,0.20158959578120766,0.23616193210324035,0.9423076923076923,0.9153846153846154,0.9666666666666666,908.2307379375678,851.0466840548576,969.6353365587297,2.6666666666666665,2.3333333333333335,3.066666666666667,-1.563851672425651,-2.5536876486577884,-0.4132443987855759,-2.4609044917783307,-2.922423047334083,-2.103084179165117,4.0287551156316805,3.5214828795622966,4.553861391511095,139.12797997173345,132.20105565553584,146.55474551806574,131.84509089623188,125.1803635668973,139.3631638001107,1955.9661348938782,1856.2886599668511,2059.180608035086,0.7832055697057098,0.7645407572978908,0.8020287200702585,0.5667300486820842,0.5479035688238699,0.5849721397896334,231.18988996357126,221.4380162905566,241.45230139002126,1.4803757008547012,1.4708900286324784,1.4889221822649572,-455.314905982906,-482.3380642094018,-428.82373472222224,8.0,4.0,30,all,,,,,,
US-101,mlp,models,30,30,all,0.4276164645225918,0.3953940078751596,0.4641795056218153,0.6513897678489794,0.5442291923496382,0.7745691067656728,-0.2441452923539002,-0.25879039444533014,-0.2291470050018543,-0.1653595619015401,-0.21610591465728854,-0.11264739047059918,-0.21985175767388915,-0.24058579540694577,-0.19887897833708115,0.23491099738684112,0.22643931106304224,0.24473901246727686,1.0050267213094433,0.7540430507907467,1.306936648214123,-0.4244444444444445,-0.6378333333333334,-0.16666666666666666,-0.4979210662617345,-0.5501404802703287,-0.4417930473665302,0.33093103439411753,0.28266147347098725,0.38258204324019385,5831.538461538462,5709.823076923077,5944.4730769230755,7.63373511632495,7.221564310498183,8.066851891783998,5841.525596432552,5722.535974358973,5948.7539648829425,6718.0,6579.0,6883.075,0.12859689356438447,0.11027295369527185,0.14526600517528912,0.9717948717948719,0.958974358974359,0.9846153846153847,816.133157247138,743.6342960170618,879.0809940349485,0.9666666666666667,0.7,1.2666666666666666,-0.028077324206340022,-1.4290536855431328,1.6415071444198204,-3.622811566475089,-4.559786157923396,-3.0165911699219103,4.001634043193745,3.730518886231843,4.287464715954764,81.430191497113,76.34496987830673,86.03516364784443,69.03587968840087,67.52628571133953,70.52621531230685,725.9006052639749,684.8424889737454,768.836856552486,0.38336972355570625,0.36309779480001164,0.40534166136907135,0.8958812151480281,0.8750397129211905,0.9146999620958475,127.9373820635332,121.74162683940169,135.26138451510604,1.4664042222222227,1.453257529700855,1.4804473245726497,-223.17641452991452,-242.64981981837602,-205.05053985042738,7.7,3.7,30,all,,,,,,
US-101,pidl,models,30,30,all,0.41171977106328933,0.3666333501529936,0.46243353258461667,0.5261663520954687,0.4521682084617964,0.6119325683533181,-0.25975357910021485,-0.2729811644368899,-0.2474373197163806,-0.25714873234544444,-0.2829035193080349,-0.22984695584984566,-0.24604706892988618,-0.2631968941919969,-0.2296004352102592,0.228343613888229,0.21871065316010097,0.2376362362699975,0.5947628317163856,0.577896210946158,0.6117079466069187,0.3066666666666667,-0.08227777777777771,0.729555555555555,-0.3900490263883343,-0.4578527251187681,-0.30175582559128233,0.42614337974889416,0.37262487737532135,0.48176688772686765,5716.0,5580.41923076923,5852.661538461538,6.848844771139056,6.480542870098393,7.235556900944556,5653.404577741099,5523.266904016274,5789.321400353269,7020.0,6743.925,7297.0,0.18676744178573593,0.15665981741026122,0.21850782953885092,0.8999999999999998,0.8833333333333332,0.9166666666666663,1176.1103307991837,1104.4928416567366,1248.3246310157044,2.4,2.066666666666667,2.7,-2.2948591342558258,-2.4195966288566533,-2.1838293491503182,-4.608536338054281,-8.195988756698343,-2.623281631075939,4.763058617629199,4.414467284278729,5.228100255017335,93.31008584762367,87.38872428142822,99.49258300877914,85.33798612689093,78.9140784133526,92.34434569447738,1293.825366987479,1183.0884199519699,1407.0453912347473,0.5913609797164041,0.5567169016916076,0.6284871314698618,0.902582168342658,0.884170529307982,0.920733351314897,114.7130310866518,108.3780197912886,120.99277654313664,1.4119438376068378,1.3942674579059828,1.428582632051282,-212.9019615384615,-231.82571629273505,-195.3896203525641,8.0,4.0,30,all,,,,,,
US-101,gru,models,30,30,all,0.4206806505426503,0.3378523227652114,0.5153635378444045,0.5166253461727046,0.40270537755208097,0.6516028566374491,-0.22197246780052693,-0.26239040008834524,-0.19134461287773197,-0.3383362233275483,-0.3914941315826709,-0.2897188468371664,-0.20023763052942203,-0.23875506767949237,-0.169081552207717,0.2112541758903164,0.19717032482543337,0.22607374673797404,0.3147841233931379,0.24500160026048917,0.4229365209606767,0.8866666666666666,0.4577777777777778,1.393388888888889,-0.5024760535802714,-0.5678800922594629,-0.43698742417938885,0.5383974979928875,0.4025354594145174,0.6998681761658964,5990.153846153846,5708.292307692308,6189.711538461537,5.9811389338899685,5.583065553994041,6.282942696824128,5988.695384615386,5703.916923076923,6189.711538461538,7115.0,6938.975,7251.075,0.15912370008363128,0.136837312186953,0.19402326598632735,0.9987179487179486,0.9961538461538461,1.0,814.1657201443887,771.5669097911995,862.6252914172194,3.9,3.433333333333333,4.433333333333334,-3.8509374853364875,-4.265607082990347,-3.2220297470760437,-4.6346633793882805,-4.912225859220314,-4.391632567726214,3.8773757976279866,3.474105107947407,4.275555145571985,99.5245935271477,93.2105676023497,108.66404533606575,95.13472942365867,91.11370041065759,100.3577961440828,211.22877213850947,178.74207998414337,263.55479910496206,0.09926460276366243,0.0891949501034765,0.11336882975612028,0.9094902198246962,0.872204436219744,0.938486355785092,106.11999040213034,96.16397171752348,116.7536114531764,1.495170188034188,1.4922620294871793,1.4979284239316242,-233.3680854700855,-270.81318386752133,-202.13944487179484,8.0,4.0,30,all,,,,,,
US-101,lstm,models,30,30,all,0.8879403690411637,0.7842643873407172,1.0041966367502062,0.8374087808506179,0.6980591678268553,0.9975594983306548,-0.7552106861849275,-0.8027564193797426,-0.6996713733055955,-0.8242441411679982,-0.8592036063703906,-0.7826614376699933,-0.734880230142172,-0.7789890004562668,-0.682133130423474,0.5276581631219263,0.48344013346116976,0.5663730184067892,0.6022371707952453,0.5041245790287863,0.71238490501985,0.9422222222222223,0.3110000000000001,1.6801111111111109,-0.8597397894852997,-0.8892361598782373,-0.826764094926983,1.4528351241877482,1.1158037554943536,1.8194574666675245,1872.7692307692305,1517.8615384615387,2254.4923076923073,1.5592686865878944,1.2911824734732875,1.863406575658921,1971.945193884203,1653.8241140850894,2341.4431132489804,4113.0,3564.0,4612.025,0.5034008803199413,0.4289327620876584,0.573246414911876,0.9166666666666667,0.8717628205128205,0.9564423076923078,1008.6318676780428,920.8690512058156,1092.3023981954682,3.4,2.9,4.033333333333333,-2.254297645807453,-2.809084756613591,-1.6373684332952916,-4.406394104397125,-4.7321279140214365,-4.094532355920067,1.0817266039908353,0.8945047981965982,1.3016723173382199,159.75748136750954,141.03641015555257,181.4233268825915,133.10635465113486,119.41676389128446,149.68866090887232,2857.5011668624284,2446.115377966171,3282.118072232369,0.4593560541297471,0.43833481868782503,0.48162091140723706,0.3824292751005621,0.33298525043129007,0.4404439651131814,155.44319006994508,136.01192602652398,176.89120464487635,1.4916237264957268,1.4846684805555554,1.4970815324786326,-602.586188034188,-652.6048047542736,-547.4279069978633,7.966666666666667,4.0,30,all,,,,,,
US-101,perl,models,30,30,all,0.6614266607910244,0.6206252223076496,0.703875127282345,0.6853138330314362,0.6419204668466495,0.7340301716124805,-0.2789628041013719,-0.289041849707506,-0.2677263682668829,-0.5710847573808961,-0.5970574824983502,-0.5450767770015397,-0.25807845362606663,-0.2693423988560606,-0.2471839879708403,0.28797596738914955,0.27840854336474774,0.2973985430410575,0.723060191929012,0.5435658527170883,0.9067648267148783,-0.8955555555555554,-0.9866666666666667,-0.7510555555555556,-0.7021638125546581,-0.7624450723285958,-0.6439222804581385,1.462940837859564,1.3039463058885297,1.6341523344188318,5558.615384615385,5502.753846153847,5625.419230769233,3.8659745980138944,3.8253061420947567,3.9112717353986968,5558.615384615385,5502.753846153847,5625.419230769233,6674.0,6588.0,6764.05,0.16626249549549896,0.15581601169211787,0.17858175529011314,1.0,1.0,1.0,666.4716377473128,651.6603138595591,684.134419724413,0.23333333333333334,0.06666666666666667,0.4666666666666667,-1.534546653731048,-2.521644793919281,-0.5065066238850962,-5.210168569992054,-8.059346405228837,-3.2347540164073836,2.196847438463055,1.7238751351016688,2.710288393880925,158.94298808117162,157.1033031644418,160.88032370545574,151.49604332852817,149.90329316652378,153.07914816498067,13481.470804937588,13212.172206362398,13742.606412647605,0.9468493218242193,0.9435446643085378,0.9500554401937957,0.890652639701805,0.8771929813277317,0.9029876832772805,95.90843266977672,88.34679643382808,103.59460213587076,1.494789623931624,1.4927573863247863,1.4966958504273504,-322.11068376068374,-352.39966506410246,-293.48581063034186,7.166666666666667,3.1666666666666665,30,all,,,,,,
US-101,residual_idm,models,30,30,all,0.1557957079247479,0.13475651669709307,0.17648814312145367,0.25551143470167875,0.2131154849326104,0.29686084738939483,0.0029382905578499174,0.001059469022275505,0.004781870278082075,0.08438527912945702,0.07687626267992353,0.09215051465627529,-0.0022706034730549367,-0.02168736315045432,0.01479091593033747,0.12033664784803631,0.11464671847240607,0.12571058695592932,0.37305521255679736,0.36116216657415245,0.3846257680862047,-0.19333333333333333,-0.28016666666666656,-0.1,0.3353205450685479,0.25600054714144466,0.4128731730838428,0.08815701155914815,0.08263444887662645,0.094057966451175,7747.076923076923,7597.815384615385,7900.807692307692,10.086753248163438,9.452524215144972,10.771991614260697,7469.216375832631,7409.895445632798,7528.747228984896,9191.0,9032.95,9354.0,0.18482747096490013,0.16778712094281492,0.20208499345415484,0.5012820512820513,0.3987179487179487,0.5948717948717949,1149.4367121903765,1124.2834767017569,1172.969015656077,2.033333333333333,1.7325000000000008,2.3333333333333335,-3.540339950756504,-3.62228058926408,-3.465504041448114,-3.37051651900826,-3.406140690969049,-3.332773752264793,10.772088169553022,10.010171551718559,11.621145237810971,61.165498175702716,56.938217019541526,65.1951837453837,57.92791579894937,53.61943449874536,61.98579743742081,0.029490115239189065,0.0,0.0884703457175672,1.6608536787908984e-05,0.0,4.982561036372695e-05,1.0,1.0,1.0,0.44083060208051267,0.2821840436508078,0.6294334097726141,0.8123108547008546,0.7990232820512819,0.827303513888889,9.384457264957264,8.634824305555556,10.048835897435897,8.0,4.0,1,all,,,,,,
US-101,residual_idm_certified,models,30,30,all,0.11287564813101743,0.10660698740480729,0.11875719491778783,0.12214045519409998,0.10716824367410963,0.13511881659921274,-0.01267728353536754,-0.015515432946408203,-0.00954335559252799,0.1338680071633233,0.12035198196242174,0.14810359764208667,0.16220324768896535,0.1355440894312778,0.18870767235768138,0.09577375261929841,0.0921767469318656,0.09944503099497497,-0.09156491009437691,-0.1277203700421347,-0.06271159141604757,-0.07111111111111111,-0.15777777777777782,0.015611111111111053,-0.10903393399988877,-0.1331360715338304,-0.0851401521186567,0.12396943049335024,0.11354196416697705,0.13513820482883057,7630.153846153846,7464.9,7810.311538461538,10.57286525600413,9.861150086032678,11.36076274368078,8418.0,8280.0,8556.0,8814.0,8687.975,8943.025,0.021888188432138512,0.011361619714352896,0.032299972268991235,0.02692307692307692,0.01923076923076923,0.03461538461538461,944.3499593917369,899.7888185462402,989.7720754487663,2.533333333333333,2.1,2.933333333333333,-6.186356081328648,-6.48442464206007,-5.937191413148203,-5.268771112541344,-5.378448556288986,-5.176393490748082,7.318626060567181,6.742976923665262,7.9793391737642425,58.78760816044137,54.46756849592743,62.83791879047795,56.23642520746287,51.55529524022872,60.576497370068786,0.22677710109071528,0.09366271304703974,0.38948669142854475,0.00012710031578125656,5.271805932045249e-05,0.0002183958620711288,1.0,1.0,1.0,0.0365162470795651,0.030811291602220625,0.042550639428695455,0.6767330769230767,0.6630079724358976,0.6889819955128206,16.172991452991454,15.56487200854701,16.85804353632479,7.666666666666667,4.0,7,all,,,,,,
US-101,mlp_penalty,models,30,30,all,0.3796663600415682,0.3340512495483333,0.427900019501816,0.5175755076422637,0.43952741731909994,0.6025144172644774,-0.20926283621655692,-0.2238694530875436,-0.19433106151257948,-0.1999560928455845,-0.24240100650234045,-0.15307650322842,-0.19525165681489323,-0.2118980609763031,-0.17668570601493408,0.19595734838781206,0.1880095736079545,0.20375273289615325,0.7190282697623332,0.6180170354920281,0.8612698172056559,0.11333333333333338,-0.19777777777777772,0.46888888888888886,-0.26617577237074797,-0.3844105950646925,-0.13917803048761276,0.3486851326466293,0.29544071976306996,0.40107148970049916,6099.846153846154,5977.688461538463,6234.799999999999,7.348183175349927,6.9178847015655665,7.882124181424518,6029.695981409894,5919.430697577785,6152.77639524244,7537.0,7286.0,7805.0,0.19442587662275512,0.16974650992537121,0.2200680900202771,0.9064102564102565,0.8871794871794872,0.9243589743589743,1093.6169510113198,1043.0911795068018,1140.2767270537083,2.033333333333333,1.7666666666666666,2.3333333333333335,-1.5747686150976736,-2.1656820571497692,-0.759575978932896,-3.334214492374143,-3.9513868660942757,-2.8137691739271244,5.57416149416287,4.925316956329777,6.258336402137061,86.11885587753888,80.15000788010232,91.7027527458098,74.68556713757097,69.89082177641102,79.91559179434287,1160.573754275797,1070.3259947388924,1253.8770582094753,0.5747815611877467,0.5437198894861848,0.6032915035267395,0.9382042276789735,0.9195728121045,0.9557127263503911,99.8380535228068,90.00628939381387,110.44907988102412,1.3897029914529917,1.3667462559829064,1.4159816861111112,-184.40392307692306,-212.17819626068376,-159.4031531517094,8.0,4.0,30,all,,,,,,
US-101,gru_penalty,models,30,30,all,0.34672233484924314,0.27794072250008345,0.4280057408688471,0.457558964028018,0.3537396084173473,0.5808106225853694,-0.15879929980896604,-0.18869303066200135,-0.12803142618707605,-0.27490702266513256,-0.33571040335336033,-0.21303995981436238,-0.13417348277600094,-0.16718258637247163,-0.09921163965306753,0.18870226595343967,0.17558182625175697,0.20263415459423198,0.5091063449743319,0.3000358754359685,0.7411825280737255,0.5666666666666668,0.2644444444444444,0.9402222222222221,-0.37010886734945775,-0.4524275419917357,-0.26785921142393276,0.36654944666171596,0.2553768454868884,0.5051701317064491,6488.153846153846,6270.55,6709.023076923076,6.582272051413107,6.136193468874377,7.084115431691728,6485.513846153845,6268.624,6705.013230769228,8062.0,7888.0,8214.025,0.19580525635646903,0.17306031518018544,0.21713871525534037,0.9974358974358973,0.9935897435897435,1.0,963.3748657699474,908.7589034918518,1017.0646963533499,3.6333333333333333,3.1666666666666665,4.066666666666666,-2.742338358062078,-3.9433080335226753,-1.386999176661339,-3.9657004496514974,-4.200100957664663,-3.7346080850823107,4.939786442976199,4.366437599408274,5.630667535200806,87.41494111982158,81.6861869945753,93.25846255785898,79.79911313760802,76.13894442827474,83.31769653724102,752.931170517257,681.7657753925919,817.2155273360094,0.3069980472944497,0.2854155053079491,0.3270513887638481,0.9499958967041262,0.9310595298530032,0.9685161913533267,57.950718454745136,47.095064084949826,69.73714542667594,1.4147401025641027,1.3730043681623934,1.4490876271367523,-141.04146153846153,-173.06505085470084,-109.63858990384617,8.0,4.0,30,all,,,,,,
US-101,lstm_penalty,models,30,30,all,0.8856987975209363,0.784945393899935,1.0201495544726642,0.7864217649627725,0.6632014851175215,0.9383995494347533,-0.8372965883044725,-0.8843891783684229,-0.7827485942820686,-0.8835366211435768,-0.9107024621304554,-0.8504201079737892,-0.8212058606828286,-0.869080866477477,-0.7684632805085148,0.515805898622475,0.4681174416023779,0.5648820919381333,0.4974912480069377,0.30335071714932266,0.7524571171438794,0.9244444444444445,0.41322222222222227,1.5913333333333333,-0.8805295258564435,-0.9331766449536056,-0.8180355669273696,1.4857438521522086,0.9355274221869917,2.3375249450471016,1266.9230769230771,896.7692307692313,1676.1961538461535,1.0776379586056384,0.830972844034819,1.3558655451638517,1360.4162489729054,992.6910990528295,1768.0648375847916,2684.0,2190.975,3174.05,0.5486166239859193,0.47061414179483924,0.6238981078645444,0.8589743589743589,0.8038461538461539,0.9064102564102563,765.5799805217179,676.3763127991548,852.7057232568551,4.066666666666666,3.232500000000001,5.0,-2.8817677887308126,-3.9905707852309575,-1.4574266584243138,-3.6052969570362476,-6.105208076877864,0.38744559612693263,1.0149875826718116,0.5637481146429789,1.5712719877427095,159.3518308740878,123.27492677208753,215.9293524884787,140.9625807419887,105.5442679205531,200.37483250704918,5540.221880928313,4961.324412094262,6174.337126995082,0.6523605592525175,0.6315605110023294,0.674050612651023,0.3076824418019585,0.2540272609513472,0.3679057760433952,158.60929876944525,125.83992238819788,203.33047381129617,1.4891325982905983,1.4816604057692309,1.4954202794871794,-685.1429358974359,-730.63972633547,-637.7883836004273,7.866666666666666,4.0,30,all,,,,,,
US-101,residual_idm_certified_het,residual_heterogeneous,30,30,all,0.17367056764092267,0.15873207423614769,0.1885096355209138,0.26551373819353674,0.23412446287106256,0.3000224569497898,-0.05589961918933729,-0.06407040303557072,-0.048821643056005566,0.11253284256166708,0.08850421250190094,0.13571612626448315,-0.024468758395447356,-0.0371186601636099,-0.012069859053523565,0.12789601396780065,0.12354112593511622,0.1324409397012711,-0.44519236444275384,-0.6184399405269316,-0.3103010736309658,-0.2511111111111112,-0.34222222222222226,-0.15555555555555556,0.1986041183391276,0.1525281968016457,0.24324386396083866,0.12998916962309828,0.11342944929502098,0.14604654049191917,7284.923076923077,7189.230769230769,7384.776923076922,10.218366002735394,9.839074412990914,10.609780031845567,7312.160512820513,7221.864423076922,7404.460730769231,8026.0,7970.975,8080.0,0.08900202886546271,0.08022165121969049,0.09727679515555995,0.9615384615384613,0.9525641025641025,0.9705128205128204,530.0717546681353,514.7540381388328,545.874337678629,2.033333333333333,1.7,2.3666666666666667,-8.255935804070871,-9.414974346566655,-7.34278341672247,-4.52514239819397,-4.805637468235589,-4.32068402599111,9.580368616136301,9.098253825202907,10.066470354716474,59.0691590832353,56.892331356632496,61.16478283587611,57.776352806896206,55.664985692622494,59.82083175741746,0.6713347972545125,0.35400511707445287,1.0279131992560047,0.00037160684735143497,0.00019583859541134812,0.0005687232520253656,0.9999119097956307,0.999735729386892,1.0,36.36325420682365,30.765785120667196,42.740931676942495,1.364875658119658,1.3256120602564103,1.4068689239316239,-52.162128205128205,-68.80385753205127,-38.041491079059824,7.966666666666667,3.966666666666667,13,all,,,,,,
US-101,residual_idm_certified_r0.1,models,30,30,all,0.1771459085873484,0.16607288482684263,0.19058166509424873,0.22815969809524878,0.2098683242328274,0.24990272697083896,-0.01568359256916336,-0.01953252778220646,-0.011236899818909206,0.16490171414347912,0.15003985777041065,0.1801203332776375,,,,0.14165534752189338,0.13800453969476784,0.14508877698662712,-0.3392180514707347,-0.4586828453855021,-0.24242637707648512,-0.04888888888888889,-0.14,0.04444444444444443,-0.2273209489439225,-0.25941057650437377,-0.19755358760470637,0.14631577953631972,0.13612018491743572,0.15809641793351895,7608.461538461538,7434.13076923077,7798.003846153843,10.865800373263239,10.129883743000471,11.685287904845865,,,,8774.0,8635.95,8916.025,,,,0.0,0.0,0.0,1008.9542249581591,955.0544111201012,1064.274847069782,2.6,2.1333333333333333,3.0,-7.625358990679836,-8.42156662341258,-6.958883225068308,-5.796568162321162,-6.165578208238435,-5.493397824784953,6.334160741485339,5.833241115217767,6.903343542162327,57.346255731830915,53.07447937657164,61.33392280885418,54.34933669481968,49.775991379628586,58.66493481460555,0.22808479691047243,0.09358659547706655,0.3819154913038618,0.0001288154011546785,5.303615645000697e-05,0.0002162912596931557,1.0,1.0,1.0,0.02345507026062193,0.019860567338260336,0.027631001771534883,0.6138560341880341,0.6019571341880342,0.624654870940171,19.473111111111113,18.938681196581197,20.05228498931624,7.0,4.0,7,all,,,,,,
US-101,residual_idm_certified_r0.2,models,30,30,all,0.14718590551918098,0.13856499472381983,0.15666304352392568,0.18357425745034928,0.16900042514124075,0.19903693129809646,-0.013189950175747778,-0.016204005862164136,-0.00969626901696105,0.15101251835724008,0.13652268446085372,0.1660673579840269,0.09930830039525702,0.08695652173913061,0.11166007905138349,0.12351976264772092,0.12133321173178145,0.12593156234487704,-0.2394386538603249,-0.3174257895009869,-0.17672767781645055,-0.08888888888888888,-0.1711666666666667,0.002222222222222218,-0.18605701431572508,-0.2207446028614817,-0.14969993444505458,0.13685812971275804,0.12665210594412266,0.1481857814858853,7626.615384615385,7460.292307692307,7809.85,10.73627842165224,10.009882531238828,11.544078775253283,8010.0,7920.000000000001,8100.0,8823.0,8703.95,8954.025,0.046403653107820186,0.032258064516129004,0.0571308307503921,0.005128205128205128,0.001282051282051282,0.010256410256410256,976.3088034735242,929.5644639591787,1025.0325225007487,2.466666666666667,2.066666666666667,2.8333333333333335,-7.043530841373311,-7.6165659669638535,-6.578418383069158,-5.3609451949469324,-5.560530877243424,-5.187629381555565,6.68988240125763,6.099198661464968,7.355176378094612,57.93139613584007,53.652757697967104,61.92592272523863,55.12783422642208,50.58664909785342,59.43252514612873,0.058996776329964425,0.0,0.14749357806693475,3.3517689048866065e-05,0.0,8.380264838612917e-05,1.0,1.0,1.0,0.02832590861505597,0.023547208537903756,0.0338007981518086,0.6415421452991453,0.6287854141025644,0.6529278053418804,17.951568376068376,17.390138568376067,18.580334935897437,7.133333333333334,4.0,2,all,,,,,,
US-101,residual_idm_certified_r0.5,models,30,30,all,0.10438249973402237,0.09586033443890063,0.11253146143639582,0.1361263149065032,0.11949416966476342,0.15247159368629778,-0.012860348375468757,-0.015221508087940724,-0.010205205267175997,0.10019517497138034,0.08810495541585009,0.11332688061869127,0.07558291195907145,0.05187005912235869,0.10350461969591859,0.06403033603359981,0.0605028657999566,0.06778478347331884,0.009787448870929489,-0.019557275003258764,0.03593306609695755,-0.12000000000000001,-0.18000000000000005,-0.060000000000000005,0.293463451270931,0.2220952147837545,0.36033023321006674,0.10191630294024559,0.09177732910761828,0.11332587320678418,7628.3076923076915,7464.457692307691,7804.173076923076,10.257052359919404,9.574392324182892,11.011158275302467,8059.3190476190475,7897.358253968254,8219.236825396825,8794.0,8668.0,8930.125,0.08356239326034223,0.06893987634846928,0.09592896272341767,0.17307692307692307,0.12948717948717947,0.21666666666666667,919.7698349692813,889.0076848954219,949.2559836367257,2.4,2.033333333333333,2.7666666666666666,-5.61093508313328,-5.872168836944552,-5.381228936127637,-4.9531826980240306,-5.055281657194654,-4.845366298272172,10.79523093270471,9.574992096133359,12.083878810495449,60.53096647746303,56.04465067037347,64.7054667301796,58.27325057133933,53.42011128316892,62.84351141342867,0.16125429419252643,0.05951377053977951,0.2919009874452521,8.997588539496206e-05,3.3433634236041456e-05,0.00016322960562412347,1.0,1.0,1.0,0.27536663829911473,0.16624261410875066,0.4103861211995495,0.753480153846154,0.7348706950854701,0.769855888888889,12.32648717948718,11.507700427350429,13.257239423076927,8.0,4.0,5,all,,,,,,
US-101,residual_idm_free_r0.3,models,30,30,all,0.19418692618493863,0.1709932812761077,0.21728719899975904,0.31222856615248956,0.2605379366098611,0.36256969887566615,-0.013830262961648614,-0.01981554304234804,-0.008381531461452308,0.08671453797846305,0.07275994720153094,0.10077744200214221,-0.0667939727949651,-0.09256082219376426,-0.042280958587714045,0.13256376800389452,0.12203637170449672,0.14235067817368927,0.4174381973602805,0.38851463078729076,0.44136903313031733,-0.18888888888888886,-0.28888888888888886,-0.08888888888888888,0.48712618683188696,0.37847541864553946,0.5933817520735237,0.12192893788771955,0.11639499906131279,0.1269299013198319,7620.615384615385,7460.0,7808.469230769229,10.115652433731018,9.477040899623088,10.84962534363908,6995.260304607674,6801.88249759013,7176.502731829575,9273.0,9145.975,9398.05,0.24389936809335666,0.21993135040206077,0.26941551282422616,0.4474358974358974,0.3576602564102564,0.5346474358974359,1291.8722563832737,1233.6511588721721,1343.004558507298,2.033333333333333,1.7,2.3333333333333335,-3.3002264485132273,-3.507913542704908,-3.1324648467501617,-3.043165163330045,-3.120880096400916,-2.966233751092727,11.899006302864217,11.122324980821858,12.704928499664435,60.38890060531866,56.103719809942916,64.32980675430767,55.33184105200099,51.421066172474,59.248995957330905,0.034673988321296804,0.0,0.10402196496389043,1.9201228878648233e-05,0.0,5.7603686635944694e-05,1.0,1.0,1.0,2.044235075706091,1.1726186870638498,2.9341360794254396,0.8340167094017094,0.7979015495726497,0.8705860307692309,8.135136752136752,6.323547756410257,9.915270566239315,8.0,4.0,1,all,,,,,,
I-80,ground truth,truth,,,,,,,,,,,,,,,,,,,,,,,,,,,,,,,,,,7990.909090909092,,,7.711821176889291,,,7984.0,,,8670.0,,,0.07912341407151091,,,0.6818181818181818,,,747.9874241876266,,,3.0,,,-5.433919818859058,,,-7.364341085271301,,,5.923954413152381,,,57.41949926888166,,,60.94457659126235,,,0.0,,,0.0,,,1.0,,,0.0,,,,,,,,,,0.0,,i80_p0,698.4530956572517,0.0,1202.0,25.869898480233186,80.96375519387813,180-840
I-80,ground truth,truth,,,,,,,,,,,,,,,,,,,,,,,,,,,,,,,,,,7118.181818181819,,,5.2529919116577295,,,7118.181818181818,,,8370.0,,,0.14956011730205276,,,1.0,,,1023.3330528611257,,,3.0,,,-5.563829553488807,,,-7.7441077441077795,,,3.4624172142495526,,,78.5530875200064,,,80.52355373188527,,,0.0,,,0.0,,,1.0,,,0.0,,,,,,,,,,0.0,,i80_p1,619.3350636173699,0.0,997.0,30.88051574167689,128.59807214137155,180-840
I-80,ground truth,truth,,,,,,,,,,,,,,,,,,,,,,,,,,,,,,,,,,7265.454545454546,,,5.212736877991844,,,7265.454545454545,,,9180.0,,,0.20855614973262038,,,1.0,,,1012.2243294983331,,,5.0,,,-5.406279110281936,,,-6.067000791347953,,,4.138891975969926,,,82.39743981175396,,,76.79405705608366,,,0.0,,,0.0,,,1.0,,,0.0,,,,,,,,,,0.0,,i80_p2,634.351815990075,0.0,1001.0,34.97442624789153,148.27001998336584,180-840
US-101,ground truth,truth,,,,,,,,,,,,,,,,,,,,,,,,,,,,,,,,,,8307.692307692307,,,11.34092188747974,,,8124.705882352941,,,9090.0,,,0.1061929722384003,,,0.6538461538461539,,,663.5366771685506,,,1.0,,,-6.028416945886693,,,-5.5672529105771815,,,10.249397429174493,,,51.35941152517791,,,47.680216245190536,,,0.0,,,0.0,,,1.0,,,0.0,,,,,,,,,,0.0,,us101_p0,1118.7841093651652,0.0,1571.0,40.47009710569279,67.59054102947243,90-870
US-101,ground truth,truth,,,,,,,,,,,,,,,,,,,,,,,,,,,,,,,,,,7592.307692307692,,,8.820748400248217,,,7113.333333333333,,,8940.0,,,0.2043251304996272,,,0.6923076923076923,,,758.2068046909668,,,3.0,,,-5.50261774294827,,,-5.337845861536659,,,7.854223120818056,,,69.75650601017867,,,69.3682969648226,,,0.0,,,0.0,,,1.0,,,0.0,,,,,,,,,,0.0,,us101_p1,1030.98938977464,0.0,1415.0,45.52730758867854,96.05116583382122,90-870
US-101,ground truth,truth,,,,,,,,,,,,,,,,,,,,,,,,,,,,,,,,,,7273.846153846153,,,7.661208754787064,,,7286.4,,,8100.0,,,0.10044444444444445,,,0.9615384615384616,,,648.6190642228472,,,5.0,,,-5.417209840026259,,,-5.641315261044215,,,6.423798122428421,,,79.01262342139624,,,80.03502329652395,,,0.0,,,0.0,,,1.0,,,0.0,,,,,,,,,,0.0,,us101_p2,969.8311903741344,0.0,1323.0,59.13930224921542,96.68081920626707,90-870
