model,runs,runs_expected,rmse_s,rmse_s_low,rmse_s_high,drivers,collision_rate,rmse_vs_ref,rmse_vs_ref_low,rmse_vs_ref_high,rmse_vs_ref_p,rmse_vs_ref_pairs,audited,stable,outside,none,unstable,unstable_low,unstable_high,not_stable,not_stable_low,not_stable_high,unstable_sign,unstable_eq,unstable_eq_low,unstable_eq_high,unstable_eq_sign,unstable_eq_sign_low,unstable_eq_sign_high,max_gain_median,complete,h1_1,h1_1_information
mlp,25,25,2.846106070694079,2.801128562616608,2.8889638692982325,12512,0.003021099744245524,-0.07680649492659386,-0.08909697536600075,-0.06470662728774282,1.2976473929451285e-26,12512.0,25,0.05818181818181818,0.0018181818181818182,0.0,0.9400000000000002,0.9109090909090909,0.9636363636363637,0.9418181818181819,0.9127272727272726,0.9654545454545455,0.9945454545454546,0.941818181818182,0.9127272727272728,0.9654545454545455,0.9963636363636365,0.990909090909091,1.0,1.1909608164214434,True,holds,holds
pidl,25,25,2.7885576727602075,2.7455789033385516,2.8341996154469857,12512,0.00031969309462915604,-0.0954735108003113,-0.10331388045707277,-0.08779043823301255,1.5009658653450595e-121,12512.0,25,0.15636363636363637,0.0,0.0,0.8436363636363636,0.805409090909091,0.8836363636363638,0.8436363636363636,0.805409090909091,0.8836363636363638,0.9854545454545454,0.8436363636363636,0.805409090909091,0.8836363636363638,0.9854545454545454,0.9781818181818182,0.9927272727272728,1.2241676928278218,True,,
gru,25,25,2.079351252184757,2.0426843195923596,2.1174997210771003,12512,0.001582480818414322,-0.3255193154782601,-0.33654796755402416,-0.3144185289158342,0.0,12512.0,25,0.11090909090909092,0.3090909090909091,0.049090909090909095,0.5309090909090909,0.46545454545454545,0.5963636363636363,0.889090909090909,0.8436363636363637,0.9327272727272726,0.6381818181818183,0.8579308878256247,0.8041468367889422,0.9065212121212122,0.9941818181818182,0.9869090909090908,1.0,4.004760870920046,True,holds,holds
lstm,25,25,2.1882794394716383,2.1582114369205776,2.2196333989073955,12512,0.0015345268542199487,-0.2901861998020251,-0.30024228233194095,-0.2800260292428157,0.0,12512.0,25,0.052727272727272734,0.3945454545454546,0.12363636363636363,0.42909090909090913,0.3527272727272727,0.5109545454545454,0.9472727272727272,0.9254090909090908,0.9690909090909091,0.44727272727272727,0.9246216521696398,0.8939869437408138,0.9553954963165491,0.9079806780766533,0.8753545796308955,0.9412292321713376,14.159429231837642,True,holds,holds
perl,25,25,2.3927159804677536,2.3569193979285696,2.429326343295521,12512,0.0009271099744245524,-0.2238729696695796,-0.2364138032626809,-0.2120176724160296,3.103958628096125e-240,12512.0,25,0.025454545454545455,0.2963636363636364,0.018181818181818184,0.66,0.585409090909091,0.7381818181818182,0.9745454545454545,0.96,0.9872727272727273,0.6781818181818181,0.9543722943722943,0.922077922077922,0.9835497835497836,0.9908225108225109,0.9835476190476191,0.9963636363636365,28.05415573398706,True,,
residual_idm,25,25,2.702879910697075,2.664119197746162,2.7467667091877397,12512,0.0,-0.12326486906357492,-0.13082081480907,-0.11615524130370553,3.8386853969597383e-236,12512.0,25,0.6890909090909091,0.0,0.0,0.3109090909090909,0.2818181818181818,0.3418181818181818,0.3109090909090909,0.2818181818181818,0.3418181818181818,0.9109090909090909,0.3109090909090909,0.2818181818181818,0.3418181818181818,0.9109090909090909,0.8927272727272729,0.9272727272727274,1.040079716138536,True,,
persistence,5,5,5.939565727769078,5.824776034535356,6.050468783263351,12512,0.08224104859335038,0.9266212736392443,0.8819386817834985,0.9689107793352848,0.0,12512.0,5,0.0,0.0,0.0,0.0,0.0,0.0,1.0,1.0,1.0,0.0,0.0,0.0,0.0,0.0,0.0,0.0,0.0,True,,
newell,5,5,3.4354501732070206,3.377086541481709,3.4928023172338523,12512,0.03188938618925831,0.11435948208865465,0.09142213471888268,0.13547139481517617,2.085622813191453e-08,12512.0,5,0.0,0.0,0.0,0.0,0.0,0.0,1.0,1.0,1.0,0.0,0.0,0.0,0.0,0.0,0.0,0.0,1.0044658616663797,True,,
ovm,5,5,7.999774106663931,7.8859521735377776,8.122288455815823,12512,0.000719309462915601,1.594892570369133,1.551318163104447,1.6383393316457258,0.0,12512.0,5,0.0,0.0,0.13636363636363635,0.8636363636363636,0.8636363636363636,0.8636363636363636,1.0,1.0,1.0,0.8636363636363636,1.0,1.0,1.0,1.0,1.0,1.0,1.1269462523134532,True,,
idm,5,5,3.0828922160449728,3.0399812416666245,3.1335267079382585,12512,0.0,,,,,,5,0.8,0.06363636363636363,0.0,0.13636363636363638,0.1,0.17272727272727276,0.19999999999999998,0.18181818181818177,0.21818181818181817,0.6272727272727272,0.15454545454545454,0.13636363636363635,0.17272727272727276,0.6545454545454545,0.6363636363636364,0.6727272727272726,1.0385867978192276,True,,
knn,5,5,3.0832425073683,3.0333552922910587,3.132327048730454,12512,0.00807225063938619,0.00011362425241601137,-0.015022265315724048,0.014693259158544324,0.37507147703171395,12512.0,5,0.1,0.0,0.0,0.9,0.8727272727272727,0.9272727272727274,0.9,0.8727272727272727,0.9272727272727274,0.7090909090909091,0.9,0.8727272727272727,0.9272727272727274,0.7090909090909091,0.6636363636363637,0.7454545454545455,3.0359790276617904,True,,
