corridor,pair,candidate,reference,metric,header,pairs,mean_candidate,mean_reference,difference,difference_low,difference_high,relative,relative_low,relative_high,wilcoxon_p,outcome
I-80,E - D,residual_idm_certified,residual_idm_margin_free_r0.3,macro_error,macro error,30,0.12479466099382482,0.17578706292879215,-0.050992401934967346,-0.07343269110703982,-0.028143260738933494,-0.29008051608225194,-0.38357539688816356,-0.1778265554402698,3.904104232788086e-05,lower
I-80,E - D,residual_idm_certified,residual_idm_margin_free_r0.3,macro_error_dynamic,macro error (dynamic),30,0.18959850142857312,0.28138999492457095,-0.09179149349599777,-0.1373933097120979,-0.045441788955733683,-0.3262073817535813,-0.4373485028859305,-0.18869959482284787,7.056817412376404e-05,lower
I-80,E - D,residual_idm_certified,residual_idm_margin_free_r0.3,collisions_per_1000_vkm,collisions / 1000 veh-km,30,0.0,0.10976351356356698,-0.10976351356356698,-0.2744719260956012,0.0,-1.0,,,0.17971249487899976,no difference
I-80,E - C,residual_idm_certified,residual_idm_free_r0.3,macro_error,macro error,30,0.12479466099382482,0.209161930652471,-0.08436726965864619,-0.1297306180687727,-0.04328449221944249,-0.40335862934266464,-0.5270132298415708,-0.24213604603010103,1.3966113328933716e-05,lower
I-80,E - C,residual_idm_certified,residual_idm_free_r0.3,macro_error_dynamic,macro error (dynamic),30,0.18959850142857312,0.35575910112109244,-0.16616059969251926,-0.25438492100924437,-0.0857228914156089,-0.467059308304138,-0.6012622151105459,-0.2843337406715108,1.8244609236717224e-05,lower
I-80,E - C,residual_idm_certified,residual_idm_free_r0.3,collisions_per_1000_vkm,collisions / 1000 veh-km,30,0.0,0.0,0.0,0.0,0.0,,,,1.0,no difference
I-80,E - B,residual_idm_certified,idm_core_margin,macro_error,macro error,30,0.12479466099382482,0.19779653051321736,-0.07300186951939255,-0.10337041197953761,-0.04414006574189455,-0.3690755815078077,-0.46838230398498654,-0.24595161859235573,5.144625902175903e-06,lower
I-80,E - B,residual_idm_certified,idm_core_margin,macro_error_dynamic,macro error (dynamic),30,0.18959850142857312,0.30089297996818143,-0.1112944785396083,-0.17053722126019805,-0.0558149921461747,-0.36988060855184246,-0.494656461186889,-0.20573623459240728,4.968419671058655e-05,lower
I-80,E - B,residual_idm_certified,idm_core_margin,collisions_per_1000_vkm,collisions / 1000 veh-km,30,0.0,0.0,0.0,0.0,0.0,,,,1.0,no difference
I-80,D - C,residual_idm_margin_free_r0.3,residual_idm_free_r0.3,macro_error,macro error,30,0.17578706292879215,0.209161930652471,-0.03337486772367882,-0.0818977508240588,0.009281547747972857,-0.15956473350369005,-0.3417134398167134,0.050616683004689696,0.3598779272288084,no difference
I-80,D - C,residual_idm_margin_free_r0.3,residual_idm_free_r0.3,macro_error_dynamic,macro error (dynamic),30,0.28138999492457095,0.35575910112109244,-0.0743691061965215,-0.1699356101902311,0.01031529177307877,-0.20904343968197714,-0.40915485049273853,0.03242604578997027,0.17719271034002304,no difference
I-80,D - C,residual_idm_margin_free_r0.3,residual_idm_free_r0.3,collisions_per_1000_vkm,collisions / 1000 veh-km,30,0.10976351356356698,0.0,0.10976351356356698,0.0,0.2744719260956012,,,,0.17971249487899976,no difference
I-80,D - B,residual_idm_margin_free_r0.3,idm_core_margin,macro_error,macro error,30,0.17578706292879215,0.19779653051321736,-0.02200946758442522,-0.049494846861291346,0.0023415417181034287,-0.11127327424458777,-0.2287870863667691,0.01390179186910487,0.044907208532094955,no difference
I-80,D - B,residual_idm_margin_free_r0.3,idm_core_margin,macro_error_dynamic,macro error (dynamic),30,0.28138999492457095,0.30089297996818143,-0.01950298504361053,-0.07465162425625829,0.030965616488761418,-0.0648170158229443,-0.2232888686967948,0.10990191097309542,0.20540969260036945,no difference
I-80,D - B,residual_idm_margin_free_r0.3,idm_core_margin,collisions_per_1000_vkm,collisions / 1000 veh-km,30,0.10976351356356698,0.0,0.10976351356356698,0.0,0.2744719260956012,,,,0.17971249487899976,no difference
I-80,B - A,idm_core_margin,idm_global,macro_error,macro error,30,0.19779653051321736,0.182341936515302,0.015454593997915381,-0.013256795710067376,0.04683116232361481,0.0847561142174138,-0.07077114719588223,0.26108704644917324,0.9676735773682594,no difference
I-80,B - A,idm_core_margin,idm_global,macro_error_dynamic,macro error (dynamic),30,0.30089297996818143,0.34492950380662024,-0.0440365238384388,-0.10506893395381822,0.02192687431530739,-0.12766818538992608,-0.2907408868317971,0.06585163562143616,0.04048972204327583,no difference
I-80,B - A,idm_core_margin,idm_global,collisions_per_1000_vkm,collisions / 1000 veh-km,30,0.0,0.0,0.0,0.0,0.0,,,,1.0,no difference
I-80,B' - A,idm_margin_i80,idm_global,macro_error,macro error,30,0.23943031139059873,0.182341936515302,0.05708837487529676,0.00957978707974313,0.1124132613280729,0.3130841756224625,0.05351051567155681,0.6030414049168012,0.8235769439488649,higher
I-80,B' - A,idm_margin_i80,idm_global,macro_error_dynamic,macro error (dynamic),30,0.47932291810630456,0.34492950380662024,0.13439341429968438,0.023713799304275505,0.2650986252059169,0.3896257432795023,0.0690589579615465,0.7355740705139981,0.9192965272814035,higher
I-80,B' - A,idm_margin_i80,idm_global,collisions_per_1000_vkm,collisions / 1000 veh-km,30,0.0,0.0,0.0,0.0,0.0,,,,1.0,no difference
US-101,E - D,residual_idm_certified,residual_idm_margin_free_r0.3,macro_error,macro error,30,0.11287564813101743,0.14673476236941857,-0.03385911423840109,-0.043229031474304076,-0.024216381700311578,-0.2307504622057971,-0.28356249371331993,-0.17521270817266285,6.910413503646851e-07,lower
US-101,E - D,residual_idm_certified,residual_idm_margin_free_r0.3,macro_error_dynamic,macro error (dynamic),30,0.12214045519409998,0.18941672222387376,-0.06727626702977381,-0.08504990839386127,-0.05060268673859912,-0.35517596461340517,-0.43177012175571056,-0.28007821958663925,1.862645149230957e-08,lower
US-101,E - D,residual_idm_certified,residual_idm_margin_free_r0.3,collisions_per_1000_vkm,collisions / 1000 veh-km,30,0.22677710109071528,0.29580976308873824,-0.06903266199802299,-0.2713167833645199,0.123177810763544,-0.2333684367858888,-0.6848297327109275,0.7760869636156683,0.38818640520827785,no difference
US-101,E - C,residual_idm_certified,residual_idm_free_r0.3,macro_error,macro error,30,0.11287564813101743,0.19418692618493863,-0.08131127805392113,-0.1032238262398631,-0.05898128732718021,-0.41872684042839436,-0.47878085881648713,-0.34152419338894563,3.855675458908081e-07,lower
US-101,E - C,residual_idm_certified,residual_idm_free_r0.3,macro_error_dynamic,macro error (dynamic),30,0.12214045519409998,0.31222856615248956,-0.19008811095838968,-0.23167024063445668,-0.14602813765880832,-0.6088107609780724,-0.6562469858243799,-0.5439011289132814,1.30385160446167e-08,lower
US-101,E - C,residual_idm_certified,residual_idm_free_r0.3,collisions_per_1000_vkm,collisions / 1000 veh-km,30,0.22677710109071528,0.034673988321296804,0.1921031127694185,0.06377778882559423,0.3449586716088229,5.540265832397149,,,0.027991815485665747,higher
US-101,E - B,residual_idm_certified,idm_core_margin,macro_error,macro error,30,0.11287564813101743,0.17662238173372657,-0.06374673360270916,-0.0741465434693556,-0.05315230901328014,-0.36092103943436127,-0.4053377468933562,-0.31179667522210097,5.587935447692871e-09,lower
US-101,E - B,residual_idm_certified,idm_core_margin,macro_error_dynamic,macro error (dynamic),30,0.12214045519409998,0.22228680767182604,-0.10014635247772605,-0.11793808846801387,-0.08250578752076303,-0.45052764726180916,-0.5157897576492553,-0.38475105162327894,3.725290298461914e-09,lower
US-101,E - B,residual_idm_certified,idm_core_margin,collisions_per_1000_vkm,collisions / 1000 veh-km,30,0.22677710109071528,0.4220812600256802,-0.19530415893496486,-0.5495594215798608,0.1231840358072595,-0.46271696337118173,-0.8284331815578144,0.6757929573855769,0.463071015014588,no difference
US-101,D - C,residual_idm_margin_free_r0.3,residual_idm_free_r0.3,macro_error,macro error,30,0.14673476236941857,0.19418692618493863,-0.047452163815520025,-0.07337210662405812,-0.02117210764653068,-0.24436332943613226,-0.34020764729254444,-0.12263693533200022,0.013663241639733315,lower
US-101,D - C,residual_idm_margin_free_r0.3,residual_idm_free_r0.3,macro_error_dynamic,macro error (dynamic),30,0.18941672222387376,0.31222856615248956,-0.12281184392861587,-0.1739041752650239,-0.07067103569275755,-0.393339550707976,-0.48408097766655966,-0.2683828056888573,0.0006084088236093521,lower
US-101,D - C,residual_idm_margin_free_r0.3,residual_idm_free_r0.3,collisions_per_1000_vkm,collisions / 1000 veh-km,30,0.29580976308873824,0.034673988321296804,0.26113577476744143,0.09341384840459643,0.4437301493424007,7.531172138252453,,,0.017290280592906253,higher
US-101,D - B,residual_idm_margin_free_r0.3,idm_core_margin,macro_error,macro error,30,0.14673476236941857,0.17662238173372657,-0.02988761936430807,-0.04248979734944211,-0.01815077872055124,-0.16921762163396803,-0.2334823152150813,-0.10587953093367161,0.0002562887966632843,lower
US-101,D - B,residual_idm_margin_free_r0.3,idm_core_margin,macro_error_dynamic,macro error (dynamic),30,0.18941672222387376,0.22228680767182604,-0.03287008544795224,-0.05452581682942624,-0.01290742644557793,-0.1478724076890796,-0.2354567674930305,-0.060803547300514287,0.008142979815602303,lower
US-101,D - B,residual_idm_margin_free_r0.3,idm_core_margin,collisions_per_1000_vkm,collisions / 1000 veh-km,30,0.29580976308873824,0.4220812600256802,-0.12627149693694184,-0.5247414207799984,0.2198128504024269,-0.29916394992106343,-0.757863846262096,1.1673654318174018,0.7764250047999479,no difference
US-101,B - A,idm_core_margin,idm_global,macro_error,macro error,30,0.17662238173372657,0.13316184915602408,0.043460532577702535,0.013970896813816412,0.06578208418797825,0.32637375384281664,0.0867090392478883,0.5889070211933574,0.0014574769884347916,higher
US-101,B - A,idm_core_margin,idm_global,macro_error_dynamic,macro error (dynamic),30,0.22228680767182604,0.22863187493977177,-0.0063450672679457604,-0.06890902113742056,0.04003994601938014,-0.02775233011415057,-0.2391307491361974,0.21333306241013988,0.08793856762349606,no difference
US-101,B - A,idm_core_margin,idm_global,collisions_per_1000_vkm,collisions / 1000 veh-km,30,0.4220812600256802,0.029735213409814967,0.39234604661586514,0.13227947989067962,0.7168032783022239,13.194660526174669,,,0.017290280592906253,higher
US-101,B' - A,idm_margin_i80,idm_global,macro_error,macro error,30,0.1323675624311242,0.13316184915602408,-0.0007942867248998824,-0.01785987651736898,0.017877135234441267,-0.005964821981175761,-0.1239674101142246,0.15176212243465584,0.17719271034002304,no difference
US-101,B' - A,idm_margin_i80,idm_global,macro_error_dynamic,macro error (dynamic),30,0.2095944121947957,0.22863187493977177,-0.0190374627449761,-0.05289571070206086,0.017306939106440468,-0.0832668793447594,-0.20052216772870216,0.08880741905024547,0.03272089920938015,no difference
US-101,B' - A,idm_margin_i80,idm_global,collisions_per_1000_vkm,collisions / 1000 veh-km,30,0.06786307140509577,0.029735213409814967,0.0381278579952808,-0.05947042681962993,0.14005724375677323,1.2822459845771816,,,0.28504940740261275,no difference
