corridor,law,scenario,runs,runs_expected,scenario_set,asymmetry_index,asymmetry_index_low,asymmetry_index_high,accelerating_share,accelerating_share_low,accelerating_share_high,decelerating_share,decelerating_share_low,decelerating_share_high,mean_acceleration,mean_acceleration_low,mean_acceleration_high,mean_deceleration,mean_deceleration_low,mean_deceleration_high,peak_frequency,peak_frequency_low,peak_frequency_high,centroid,centroid_low,centroid_high,band_rms,band_rms_low,band_rms_high,error_asymmetry_index,error_asymmetry_index_low,error_asymmetry_index_high,abs_error_asymmetry_index,abs_error_asymmetry_index_low,abs_error_asymmetry_index_high,error_peak_frequency,error_peak_frequency_low,error_peak_frequency_high,abs_error_peak_frequency,abs_error_peak_frequency_low,abs_error_peak_frequency_high,error_centroid,error_centroid_low,error_centroid_high,abs_error_centroid,abs_error_centroid_low,abs_error_centroid_high
I-80,idm_global,all,30,30,all,1.2253480693457317,1.2132770540186433,1.2372286564884623,0.26596142820474417,0.2613187223000109,0.2711799563593166,0.37165644977609524,0.3539845667053172,0.3904797616332252,0.35880578699459603,0.3555571464987626,0.362517520237575,0.2931504286563315,0.2880544787134618,0.29831894283597915,0.0078125,0.0078125,0.0078125,0.01795579654432999,0.017172543323555157,0.018742829275113962,0.7891164397039659,0.7666209919255424,0.8125967937915405,0.26288496041730536,0.2531686373161422,0.272487395192725,0.26288496041730536,0.2531686373161422,0.272487395192725,0.0,0.0,0.0,0.0,0.0,0.0,-0.08943685734370423,-0.12147367714596624,-0.05791155618424704,0.09906848432900955,0.07128125311950831,0.12744178416015015
I-80,idm_heterogeneous,all,30,30,all,0.7972372114352395,0.781434762580931,0.8120269262925581,0.5107570003007302,0.4966988654307572,0.5259445833388094,0.3048723727224483,0.2958848594150627,0.3135442744446017,0.3778260023556618,0.3735964651202056,0.3818843187241002,0.4759080795887695,0.4641101716261802,0.4883268677829673,0.0078125,0.0078125,0.0078125,0.018219036521253958,0.017740062764430596,0.01871121212281227,1.1782559983849623,1.1481084062973375,1.2082744906019725,-0.1787909179013613,-0.1912326082241026,-0.16651267926361885,0.1787909179013613,0.16651267926361885,0.1912326082241026,0.0,0.0,0.0,0.0,0.0,0.0,-0.0741004517215705,-0.09276402929544338,-0.05513445495896979,0.07649809902932564,0.05800732064683087,0.09480828739440413
I-80,knn,all,30,30,all,0.36738658271565444,0.3459576086875166,0.38876085602555843,0.36851079043926827,0.35761678851501255,0.37949000946812783,0.14031519675403598,0.13757247512227555,0.14318990101565543,0.28225957772280025,0.28106270168629566,0.2834223480180408,0.7913618584050273,0.7427151279174354,0.8436996745805637,0.0078125,0.0078125,0.0078125,0.016727958432095635,0.01621462442463266,0.017302080984547576,1.009916968703698,0.9770822810792583,1.0416123523093794,-0.6225867749540052,-0.6416170431981416,-0.6030389106490989,0.6225867749540052,0.6030389106490989,0.6416170431981416,0.0,0.0,0.0,0.0,0.0,0.0,-0.14988670353491,-0.17342394568304548,-0.12535961911536356,0.15376595142002744,0.132329320044408,0.17558558229446503
I-80,mlp,all,30,30,all,0.3587106474370992,0.3370972274946482,0.3779257806599803,0.5906211808795719,0.5680883486497581,0.6153381333282485,0.16193661688614194,0.15801112555730215,0.16580171369068125,0.26847783871963177,0.26679597249779213,0.27014152918167544,0.7711429192130337,0.725990725015297,0.8244916719136165,0.0078125,0.0078125,0.0078125,0.015550820404088402,0.014712087782759342,0.0164916234799644,0.837313508370773,0.7677137802704086,0.9074672429858927,-0.6314920895885592,-0.6512426847963375,-0.6141175450801271,0.6314920895885592,0.6141175450801271,0.6512426847963375,0.0,0.0,0.0,0.0,0.0,0.0,-0.20975713621801687,-0.2488276936653339,-0.16660146469195108,0.2184969126090853,0.1825932705539027,0.25222159666851085
I-80,pidl,all,30,30,all,0.3762617329490841,0.3547051656985793,0.39792901948427956,0.5741057697210271,0.5534767817435905,0.5943738132412502,0.15151903693841945,0.14646822536190335,0.15674718546243047,0.3319714829239125,0.3286049333241263,0.33513738506656005,0.9079163921538993,0.8517096699251456,0.9655638088074635,0.00859375,0.0078125,0.009895833333333333,0.016323724029838775,0.014820535640106483,0.017925029596849353,1.1364269124807838,1.0366462523571758,1.2327085925141745,-0.6119627280334431,-0.6341156402576911,-0.5898967346596075,0.6119627280334431,0.5898967346596075,0.6341156402576911,0.1,0.0,0.26666666666666666,0.1,0.0,0.26666666666666666,-0.17470907842723626,-0.24455316528001672,-0.10020834414552234,0.23710133193018287,0.19049334069969384,0.28159172148295897
I-80,gru,all,30,30,all,0.3770002821852134,0.356676528462033,0.39689954465380733,0.5600676064580971,0.5471058854977823,0.5699719175665383,0.1944674027139775,0.1877816518462746,0.20089888132238773,0.2921823285737932,0.28623172442875144,0.2982983838128278,0.7963519833908799,0.7427401734329426,0.8549638632085256,0.0078125,0.0078125,0.0078125,0.014664940896502327,0.014105474893770712,0.015278530173818248,0.8915463621142901,0.8531836599270352,0.9268766268855008,-0.6123117642603386,-0.6306508700468273,-0.5940095349586026,0.6123117642603386,0.5940095349586026,0.6306508700468273,0.0,0.0,0.0,0.0,0.0,0.0,-0.25378460661432906,-0.28445008535368027,-0.22265922292368884,0.25378460661432906,0.22265922292368884,0.28445008535368027
I-80,lstm,all,30,30,all,0.6103803224114266,0.583351945204582,0.6362868912230223,0.17450297818865573,0.1367550449359407,0.2133743020041542,0.12270468921086289,0.10139667687290028,0.14458865915774902,0.34678533451978394,0.3374358526685842,0.3560285283262006,0.5764585179365878,0.5500022320657117,0.603325889444782,0.0078125,0.0078125,0.0078125,0.01579164017578283,0.014764539640023023,0.01689286094733391,1.306158198614572,1.0845485289254941,1.637000536532443,-0.3711131479362328,-0.39860728016223923,-0.34563462498332886,0.3711131479362328,0.34563462498332886,0.39860728016223923,0.0,0.0,0.0,0.0,0.0,0.0,-0.19341945044239178,-0.24567720253095382,-0.13563111545506656,0.2114574012207485,0.16747692790566418,0.2546292256481716
I-80,perl,all,30,30,all,0.5838648308191526,0.5784979201180983,0.5894073202346432,0.5785412449420929,0.5767097878534111,0.5802651041924044,0.3321426606005698,0.3305602064925338,0.33389418266224874,1.0956344302306704,1.0892707591312574,1.1019573224645889,1.8777657270814745,1.8592249701276764,1.8976287030805692,0.009114583333333334,0.008072916666666667,0.01015625,0.018680555479324613,0.018306881911504206,0.01907963989499405,1.2117007225752012,1.1838945522905853,1.2389971217402618,-0.3982330407895511,-0.40278976292769636,-0.3934554126436574,0.3982330407895511,0.3934554126436574,0.40278976292769636,0.16666666666666666,0.03333333333333333,0.3,0.16666666666666666,0.03333333333333333,0.3,-0.04992562638800368,-0.0667472829055311,-0.03317292754624461,0.05660916797371552,0.0414153658230475,0.07305135673028701
I-80,residual_idm,all,30,30,all,0.6513188324450566,0.6304661393811133,0.6705437301159967,0.426822016007991,0.42273670950519465,0.43112815141638333,0.33381277783411784,0.32444776275570514,0.3447066402602331,0.27558171968991474,0.274353444233814,0.27656596285756274,0.4258399304638888,0.4140708628469804,0.4381780140923883,0.0078125,0.0078125,0.0078125,0.01709793132829831,0.016639084901027387,0.017582675590207562,0.9816290626281429,0.9610348535948811,1.001580257648238,-0.32945616888966234,-0.34595734475428436,-0.31276189713100677,0.32945616888966234,0.31276189713100677,0.34595734475428436,0.0,0.0,0.0,0.0,0.0,0.0,-0.1311562178471328,-0.14848961214028547,-0.11354860777982209,0.1311562178471328,0.11354860777982209,0.14848961214028547
I-80,residual_idm_certified,all,30,30,all,1.2810969120633708,1.2484876730236045,1.3099417875385508,0.28907334821558744,0.2870581285919313,0.29107562424725125,0.4292853394291268,0.4223080641404633,0.43726224074085424,0.5514372342761793,0.5471796676013424,0.5561625104438859,0.43296892252148944,0.41973423244469116,0.4479276102173678,0.0078125,0.0078125,0.0078125,0.020840303604591735,0.020144460850954622,0.021515904670967055,1.1026062648082182,1.0711599581749036,1.134975968970055,0.31912416749031725,0.29608475693899716,0.34180151472668135,0.31912416749031725,0.29608475693899716,0.34180151472668135,0.0,0.0,0.0,0.0,0.0,0.0,0.05839403465828777,0.03206951977259309,0.08447669402541025,0.06945498401885168,0.04832628973228766,0.0934815657548787
I-80,mlp_penalty,all,30,30,all,0.3503197558138645,0.33348972897933626,0.36936504527997793,0.576825400532488,0.5549792786530593,0.5976710054921048,0.13822417515289603,0.13465996747241468,0.14179381438976088,0.335717398614799,0.3321638588437513,0.3391859779485935,0.9783768196967254,0.9253361258930453,1.0279745800525573,0.0078125,0.0078125,0.0078125,0.015523947417621498,0.014836575328481053,0.016199100944751865,1.1360212355048198,1.0228008543520024,1.245395621599774,-0.6392902282377383,-0.6557675445794002,-0.6210266210300229,0.6392902282377383,0.6210266210300229,0.6557675445794002,0.0,0.0,0.0,0.0,0.0,0.0,-0.21046838663553205,-0.24532574422142428,-0.17491463404620053,0.21046838663553205,0.17491463404620053,0.24532574422142428
I-80,gru_penalty,all,30,30,all,0.410423580227722,0.39358077489038323,0.4278573781612707,0.588383824167072,0.5688461573775382,0.6062900528904493,0.2218173819744414,0.21225679212793502,0.23031659961687276,0.4089936558373865,0.4017701006683499,0.41614280404447823,1.0103423213089682,0.9658213547433105,1.057463586543804,0.0078125,0.0078125,0.0078125,0.014902135689164006,0.014355341654120146,0.015449322969001872,1.1341305821700305,1.087929280449015,1.1859921538163618,-0.5775207666081044,-0.5925705792262856,-0.5617673929354169,0.5775207666081044,0.5617673929354169,0.5925705792262856,0.0,0.0,0.0,0.0,0.0,0.0,-0.240946349970961,-0.27167271038217417,-0.20916542922702105,0.240946349970961,0.20916542922702105,0.27167271038217417
I-80,lstm_penalty,all,30,30,all,0.6977212789257528,0.665776108331822,0.7286204832227912,0.13881865530019552,0.09887275329205453,0.18244322590116469,0.10451551918941941,0.08138884970668665,0.1281722931484062,0.4940724782984545,0.47210576448101027,0.5189067449062938,0.7157046033696439,0.6783090106659665,0.755838953878849,0.0078125,0.0078125,0.0078125,0.01592389212588031,0.014807762419696894,0.0170385243801186,1.6707513865949837,1.4559218800851486,1.9146861153621606,-0.28141334392699335,-0.31235638461082255,-0.24984380109434515,0.28141334392699335,0.24984380109434515,0.31235638461082255,0.0,0.0,0.0,0.0,0.0,0.0,-0.1908908469804771,-0.24413423555498098,-0.13822344716644294,0.1988225511378178,0.15284261038017433,0.2449200344918836
I-80,idm_heterogeneous_all,all,30,30,all,0.6367380270878832,0.6228816551817331,0.6503965607603627,0.5391120138202988,0.5283697563572181,0.5496169558247893,0.23903862205926177,0.23153667287628119,0.24618371459232075,0.31307635961141417,0.30987264049673746,0.3164552128843664,0.4933887816385961,0.48325973798825256,0.5039930806957968,0.008072916666666667,0.0078125,0.00859375,0.01973508094445012,0.01898837603574268,0.02051206271102204,1.1894835752694497,1.1600002213271277,1.215426459512864,-0.3443470729831139,-0.35450881617481145,-0.3343368552786963,0.3443470729831139,0.3343368552786963,0.35450881617481145,0.03333333333333333,0.0,0.1,0.03333333333333333,0.0,0.1,0.002090667256347364,-0.027628344785353448,0.034831901296631475,0.07193483854862674,0.05609958829922954,0.08831300278096386
I-80,residual_idm_certified_het,all,30,30,all,0.9845894384765556,0.9568748782131039,1.010143882013387,0.35711311899817405,0.35138735234184143,0.36459836805259366,0.2696916521927689,0.2667224682582749,0.2726314860122984,0.38247133384870674,0.37657375639826224,0.3893340211781588,0.3907733037773644,0.3785320300394226,0.405128772424459,0.0078125,0.0078125,0.0078125,0.016218199006008828,0.015430891207750142,0.01707397539925685,0.8801751061420722,0.8490168531206977,0.9124733981698387,0.014290092365228716,-0.008846074493534256,0.03721561537915358,0.053840700459991404,0.03915968952055569,0.0697928030988675,0.0,0.0,0.0,0.0,0.0,0.0,-0.17787741227173515,-0.21148615760877637,-0.14223708361604737,0.17947490993190165,0.14458351277278048,0.21231949443092885
I-80,residual_idm_certified_r0.1,all,30,30,all,1.2762767840647318,1.2478711586663636,1.302139339372879,0.2677054386905453,0.2656310723529192,0.2698630443654621,0.41630310755652733,0.40967954355624303,0.4236350737971465,0.623729790460451,0.6121994762972504,0.6362803683806639,0.49197665147763714,0.47315131991700615,0.5129862320390942,0.0078125,0.0078125,0.0078125,0.019983980041618856,0.019293792710407577,0.020713956214737768,1.1688248644540482,1.1288118972108963,1.2090033151863382,0.31424106987422423,0.2950697632636495,0.3326385322814141,0.31424106987422423,0.2950697632636495,0.3326385322814141,0.0,0.0,0.0,0.0,0.0,0.0,0.014478360629667824,-0.012618126181620493,0.04402436975570176,0.0645753131917635,0.046789389154331784,0.08230339067878399
I-80,residual_idm_certified_r0.2,all,30,30,all,1.2845074746901184,1.2523317757015793,1.313967627010413,0.2758308708794309,0.2738713974379111,0.27784290463183,0.422316121450013,0.41554507408633184,0.42970337128872804,0.5889147176113355,0.5825144931704102,0.5960719934902202,0.46158114139968043,0.4454669773137377,0.4789067578839926,0.0078125,0.0078125,0.0078125,0.02074147608007559,0.019968281601557735,0.021476699527987697,1.1294830273292609,1.0942565422965844,1.1608014306185195,0.3226213234873126,0.2986219342883943,0.34604333044997115,0.3226213234873126,0.2986219342883943,0.34604333044997115,0.0,0.0,0.0,0.0,0.0,0.0,0.05292048944662419,0.021867315135479192,0.08234289022059849,0.0825979087706505,0.06267894899562852,0.1038413699110752
I-80,residual_idm_certified_r0.5,all,30,30,all,1.2420007248751523,1.215805501741888,1.2659671622024284,0.3239010976093997,0.32063155057268783,0.32701088043042476,0.4253357255393143,0.4178670063570798,0.4334343293308289,0.5116036832378493,0.5081483297353898,0.5149148307182111,0.4131433921530682,0.40489506558957183,0.42164463361484095,0.0078125,0.0078125,0.0078125,0.020031975835392103,0.019365908534057612,0.020767436330448613,1.077283911492814,1.0600302856524624,1.0939467226579107,0.2792281282248519,0.26010622505736525,0.2981505289774389,0.2792281282248519,0.26010622505736525,0.2981505289774389,0.0,0.0,0.0,0.0,0.0,0.0,0.01662558731063811,-0.008477948300012644,0.04461231753530537,0.06847977829430078,0.05579118072572414,0.08194440446835406
I-80,residual_idm_free_r0.3,all,30,30,all,0.6253997884988661,0.609363909499664,0.6396815714904757,0.4500456741960317,0.44554603305802754,0.45493483793553263,0.3425084303779782,0.3335712585638774,0.3525491178093016,0.29572329217461607,0.2920839575926446,0.299237587602774,0.47422209916553715,0.46680866370071683,0.4826232274941632,0.0078125,0.0078125,0.0078125,0.0181516015401794,0.017855566226118363,0.018445916253963298,1.1615216192617017,1.1298845625193301,1.1925901422182261,-0.35609821290484167,-0.3683042686804074,-0.345442399909207,0.35609821290484167,0.345442399909207,0.3683042686804074,0.0,0.0,0.0,0.0,0.0,0.0,-0.07645642557515259,-0.09202465718259346,-0.06018595030105377,0.07655699429682075,0.06019097873713717,0.09202968561867687
I-80,idm_global_p0,all,20,20,"i80_p1, i80_p2",1.249230436936899,1.2389524858032017,1.25934692235142,0.2433144919697034,0.2420038991930231,0.24445420268447687,0.34556374395320716,0.34407703641969767,0.34693172514137793,0.37352221104414374,0.37191672961262584,0.3751765778750636,0.2991282338934188,0.2961441635649878,0.3021753241117885,0.0078125,0.0078125,0.0078125,0.01693764426628841,0.01605556113270485,0.01785013252444899,0.7427047988876014,0.7130466913037512,0.771119311713201,0.26738208406408476,0.2550303184073547,0.28018521772798394,0.26738208406408476,0.2550303184073547,0.28018521772798394,0.0,0.0,0.0,0.0,0.0,0.0,-0.130545530923807,-0.16498712932160628,-0.09395284697786667,0.130545530923807,0.09395284697786667,0.16498712932160628
I-80,residual_idm_certified_p0,all,20,20,"i80_p1, i80_p2",1.3384039466196391,1.3250822689677897,1.3517721700311454,0.2862682044958794,0.283359997662095,0.28925483695846155,0.4140905658292827,0.41157514667587736,0.41669558617011393,0.5452916979721214,0.5420062572034187,0.5484013947832924,0.40771458237627983,0.4017773355735922,0.41381233680168694,0.0078125,0.0078125,0.0078125,0.019737180559038035,0.01914834234945647,0.020306096655060734,1.1351941936894407,1.0837567465070073,1.1880134405946057,0.35787794362604075,0.3413425688550426,0.3738971205113947,0.35787794362604075,0.3413425688550426,0.3738971205113947,0.0,0.0,0.0,0.0,0.0,0.0,0.015059210451761923,-0.004825747176685472,0.03441689844457552,0.04019067742035802,0.028372695908125134,0.052421336746409815
I-80,mlp_p0,all,20,20,"i80_p1, i80_p2",0.43300412312193093,0.42433447628268267,0.4411518678920038,0.5405448140419045,0.527841563022418,0.5535704405815929,0.17332415698890716,0.1700208643324357,0.17669017497502618,0.2767974127801289,0.2732359758237122,0.2807596855931844,0.641146341164142,0.6219686592365683,0.6613009282095146,0.0078125,0.0078125,0.0078125,0.014699394466556135,0.013998446464551267,0.015400909617843357,1.0148001668323918,0.9452153833860845,1.0949699167916325,-0.5606979667626902,-0.5698286129679366,-0.5518611112921029,0.5606979667626902,0.5518611112921029,0.5698286129679366,0.0,0.0,0.0,0.0,0.0,0.0,-0.24365280843412615,-0.27607187481655227,-0.20967316097824276,0.24365280843412615,0.20967316097824276,0.27607187481655227
I-80,gru_p0,all,20,20,"i80_p1, i80_p2",0.4285634653545472,0.4190813447835735,0.4387734101065495,0.5326274854314627,0.5279457507140006,0.5377337456346923,0.22049461496491474,0.2171705523749289,0.224118898051536,0.3127643124717429,0.30701440793153784,0.3184799706536861,0.7306223039073962,0.71883150974673,0.742100344308653,0.0078125,0.0078125,0.0078125,0.015456999960145226,0.014606229724781728,0.016296302785167714,0.8824434811325566,0.8516671634960652,0.9118244526663867,-0.5651637467998258,-0.5754074638819057,-0.554105179229681,0.5651637467998258,0.554105179229681,0.5754074638819057,0.0,0.0,0.0,0.0,0.0,0.0,-0.20560982827659008,-0.24168124599768262,-0.16944172058315116,0.20560982827659008,0.16944172058315116,0.24168124599768262
I-80,idm_core_margin,all,30,30,all,1.284399579685105,1.2564147367854714,1.309820458250454,0.2653060380832336,0.2630269864911481,0.26777869323618003,0.4168604909815865,0.4103853540429828,0.4241593667084148,0.6700258957219647,0.656799359403021,0.6835299687936808,0.5250473418899578,0.5045342675273502,0.5470845214510328,0.0078125,0.0078125,0.0078125,0.020223107634469422,0.019413947633379454,0.021037325958638005,1.2261634335142777,1.1823920901935914,1.2707052655727524,0.32270734033304,0.3031647462436156,0.3411558540841256,0.32270734033304,0.3031647462436156,0.3411558540841256,0.0,0.0,0.0,0.0,0.0,0.0,0.02603092948102822,-0.005063640687470003,0.05866549109333256,0.08630035879210222,0.07008812669589198,0.10400555057189495
I-80,idm_margin_i80,all,30,30,all,1.312498089307503,1.287516299990872,1.3380842948573468,0.22207485956681383,0.21830735811223417,0.22591266290385356,0.3106056228249115,0.29656946393928924,0.32633736223230875,0.39834762605126656,0.3950310109895974,0.4017053625209183,0.3042242926466803,0.2986091802545249,0.3097005762801244,0.0078125,0.0078125,0.0078125,0.01878304895383404,0.01735860461144336,0.020228042603835816,0.8215248126871552,0.7950789065680186,0.8490387641556358,0.3533289054507361,0.325637331747269,0.3804443634213919,0.3533289054507361,0.325637331747269,0.3804443634213919,0.0,0.0,0.0,0.0,0.0,0.0,-0.04972867451565967,-0.11294235601102755,0.015368002919748575,0.165304986795071,0.1320085603627118,0.19667364443796473
I-80,residual_idm_margin_free_r0.3,all,30,30,all,1.2679992464194885,1.2355357343996995,1.2957548031022479,0.27598445860337245,0.27380738196899446,0.278287427134131,0.41652332588551916,0.40838743794257765,0.42535282058580226,0.543284478530992,0.5363242472081952,0.5507455698395973,0.431320897856353,0.4161521097287753,0.4484148790335324,0.0078125,0.0078125,0.0078125,0.02082743032689329,0.02001993994166354,0.02164226535977639,1.0681515564461634,1.0357985524359912,1.1006737155117996,0.30567964766293304,0.2824047030798466,0.3274216616953843,0.30567964766293304,0.2824047030798466,0.3274216616953843,0.0,0.0,0.0,0.0,0.0,0.0,0.05702574929048734,0.024182180822579356,0.08860571056022706,0.08480424542537628,0.062127254438895774,0.11059716746227373
I-80,ground truth,i80_p0,,,,0.9395675740607085,,,0.39882589928057555,,,0.3936,,,0.7797469819928057,,,0.8298998427785501,,,0.0078125,,,0.02013904685817216,,,1.0376378303628864,,,,,,,,,,,,,,,,,,,,
I-80,ground truth,i80_p1,,,,0.9810855863209119,,,0.369945394196795,,,0.3528498518862201,,,0.7467861830565475,,,0.7611835230981313,,,0.0078125,,,0.02004148503653257,,,1.0272415442573877,,,,,,,,,,,,,,,,,,,,
I-80,ground truth,i80_p2,,,,0.990477128543544,,,0.3754382631824384,,,0.35847769391526624,,,0.7542016573399392,,,0.7614528751905274,,,0.0078125,,,0.018812914609200062,,,0.9771198124493836,,,,,,,,,,,,,,,,,,,,
I-80,ground truth,mean,,,,0.9703767629750547,,,0.38140318555326963,,,0.36830918193382883,,,0.7602449407964308,,,0.7841787470224029,,,0.0078125,,,0.019664482167968265,,,1.013999729023219,,,,,,,,,,,,,,,,,,,,
US-101,idm_global,all,30,30,all,1.1281042808682469,1.0444416418173577,1.20496660678316,0.40531763847313423,0.3699994427274941,0.44493286958868994,0.3115920257885257,0.28040856297699196,0.33922116045518996,0.34837771699532705,0.3396507421388208,0.35696654126824273,0.3191318225284651,0.30291722064174703,0.3384952967227914,0.0078125,0.0078125,0.0078125,0.010276394331347872,0.010148418584590233,0.010408471933134518,1.1509777295315853,1.1136421589784053,1.184051636024649,0.11456843502013257,0.03392889635413617,0.18783047048685028,0.23672016074766025,0.20976965136003328,0.26268486426736454,0.0,0.0,0.0,0.0,0.0,0.0,-0.11530300617882926,-0.12327815796613019,-0.10699667772693264,0.11530300617882926,0.10699667772693264,0.12327815796613019
US-101,idm_heterogeneous,all,30,30,all,0.7782413143593064,0.7529098403579517,0.8029602937628622,0.5299636351707265,0.5171038185126035,0.5439821764313844,0.2887693670529901,0.2761924713088751,0.30028492195913353,0.34276221550312613,0.3385179930081108,0.346708064102648,0.4431859697532527,0.4328071608432188,0.45400542967756935,0.0078125,0.0078125,0.0078125,0.011240995286373932,0.011036315510627394,0.011489136202714818,1.4673569248553227,1.396080125374591,1.530587705340162,-0.23028443520508282,-0.2545528210286725,-0.2070407217393225,0.23028443520508282,0.2070407217393225,0.2545528210286725,0.0,0.0,0.0,0.0,0.0,0.0,-0.032345283198767186,-0.04821621417322157,-0.012656990578716809,0.0514918230479804,0.04167484739326002,0.06195236944135643
US-101,knn,all,30,30,all,0.32630032121580405,0.31578926512996397,0.33737830280875714,0.349188267801795,0.3368689222553144,0.36027587501136865,0.1289256810992632,0.12215826907926315,0.13558242704600335,0.2898731605087627,0.2880762079742249,0.2917907332522418,0.8971891465487373,0.8650764089105693,0.9285467409549623,0.0078125,0.0078125,0.0078125,0.01599237288300771,0.015618989994515576,0.016369822221278613,1.2819140731445857,1.2369489346748364,1.3332785901519266,-0.6772332528949004,-0.6878313077240191,-0.6664619928782937,0.6772332528949004,0.6664619928782937,0.6878313077240191,0.0,0.0,0.0,0.0,0.0,0.0,0.3772902860457509,0.3441298403842176,0.4108439045246575,0.3772902860457509,0.3441298403842176,0.4108439045246575
US-101,mlp,all,30,30,all,0.27370087778509133,0.26129895791739755,0.2862998216729396,0.6493738092219975,0.6229494451363559,0.678738326637907,0.1193238715996989,0.11538609475245282,0.12313205780921092,0.25267438591472086,0.2509281403689671,0.2542878212450131,0.9381310826982592,0.8979460401622327,0.978855696741694,0.0078125,0.0078125,0.0078125,0.012186339385626722,0.011677355889561116,0.012725361429547428,0.8584895257740488,0.75944144722305,0.9421895856207265,-0.7294650637083675,-0.7409088618272113,-0.7178344641416674,0.7294650637083675,0.7178344641416674,0.7409088618272113,0.0,0.0,0.0,0.0,0.0,0.0,0.04946237598356846,0.004229870090823185,0.09565967384111818,0.10379297614067165,0.07232986254872589,0.13711996398671605
US-101,pidl,all,30,30,all,0.29142912338162125,0.28007181486136445,0.30147475998741646,0.5832850457772488,0.557609990489287,0.6084675599264048,0.11454075674562457,0.10862607775203259,0.11967281158156177,0.334009382173159,0.33179535772570107,0.336396853499165,1.161873020696054,1.1126763824454724,1.2190452449759215,0.0078125,0.0078125,0.0078125,0.01154258686012422,0.011283249618629872,0.011860937546391394,1.4225581249164745,1.3480189578169763,1.4933070428634814,-0.711580613140192,-0.723059319580751,-0.7014400604102885,0.711580613140192,0.7014400604102885,0.723059319580751,0.0,0.0,0.0,0.0,0.0,0.0,-0.006413500236598914,-0.026835912407779175,0.018438028693783505,0.04527312407976245,0.030967887322574317,0.06441865572981632
US-101,gru,all,30,30,all,0.31917358139266444,0.3021515797966067,0.3414754210834546,0.5870299890588313,0.5575209795204621,0.6109230271234363,0.17243062342888182,0.16871406956233156,0.17623885729728367,0.2718842810281595,0.26967482444169244,0.2740377351575938,0.8698400766253941,0.8327630666047361,0.9044175734829504,0.0078125,0.0078125,0.0078125,0.01307672149780299,0.012802687726361507,0.013377879829181625,1.0036270962128726,0.967211002375974,1.0424875715591673,-0.6841369688925337,-0.7011930380903509,-0.6612185409611585,0.6841369688925337,0.6612185409611585,0.7011930380903509,0.0,0.0,0.0,0.0,0.0,0.0,0.12572030083890776,0.10405951112582809,0.1498446778054904,0.12572030083890776,0.10405951112582809,0.1498446778054904
US-101,lstm,all,30,30,all,0.6185631485194497,0.5940789257304465,0.6420316002601264,0.2033974459175828,0.17488038236633638,0.23397962393858474,0.1469000655110647,0.13336892272433776,0.15947018583952932,0.3417423024782908,0.33621241508785116,0.3472855853850904,0.5576303965431179,0.5382968109191753,0.5785836260393991,0.0078125,0.0078125,0.0078125,0.01478184994075948,0.01436435059794747,0.015215357183617832,0.9827617099325087,0.9236794831455615,1.0326929905429527,-0.3880136595190208,-0.4121732417615154,-0.36538680002728924,0.3880136595190208,0.36538680002728924,0.4121732417615154,0.0,0.0,0.0,0.0,0.0,0.0,0.2725400858541835,0.2348812526292166,0.31208279856416804,0.2725400858541835,0.2348812526292166,0.31208279856416804
US-101,perl,all,30,30,all,0.5935624092672384,0.5895184107105139,0.597359419259704,0.5723666136391777,0.5707075219656056,0.5741016586098506,0.3410470508546949,0.33943978220278104,0.34250872285386,1.1265716125835015,1.1205938800244297,1.1318128844536832,1.8983874865909258,1.8862524283716366,1.90949706646476,0.008854166666666666,0.008072916666666667,0.009895833333333333,0.01862672987323133,0.018340273067505707,0.018915084860584155,1.4858647346365244,1.4560802253485505,1.5178643916961068,-0.41270250920501883,-0.4173534595842515,-0.408390292962432,0.41270250920501883,0.408390292962432,0.4173534595842515,0.13333333333333333,0.03333333333333333,0.26666666666666666,0.13333333333333333,0.03333333333333333,0.26666666666666666,0.6043060572002542,0.5770454678228973,0.6325497871066758,0.6043060572002542,0.5770454678228973,0.6325497871066758
US-101,residual_idm,all,30,30,all,0.4959218258444798,0.4700997997662762,0.5218720711575439,0.5988248194050525,0.5782432520133138,0.6206637760300833,0.2627349945009645,0.248416839349203,0.27700419365489104,0.2686020182445835,0.2625962587670427,0.27493098352076756,0.548718959951471,0.5329069463802484,0.5649764322131114,0.0078125,0.0078125,0.0078125,0.010278798450391542,0.010138587577533564,0.010422129861433939,1.415618817848863,1.3618229087319154,1.4667549036276957,-0.5100821169906331,-0.5341209306292187,-0.4859606997175489,0.5100821169906331,0.4859606997175489,0.5341209306292187,0.0,0.0,0.0,0.0,0.0,0.0,-0.11515491676220159,-0.12432516260342424,-0.10522565418582479,0.11515491676220159,0.10522565418582479,0.12432516260342424
US-101,residual_idm_certified,all,30,30,all,1.4883799992683904,1.471847048840153,1.5024511656706154,0.318761008486715,0.31013152838474184,0.32862158564520993,0.5088535919448,0.5035758896354742,0.5145051918348613,0.7130874521342533,0.6982074691516126,0.7305052093348798,0.48033248852970006,0.4654332104506223,0.4970851932412151,0.0078125,0.0078125,0.0078125,0.01160951592780875,0.011480395732972649,0.011743823225613405,1.589931578406944,1.5411257916762189,1.6368470023995272,0.47243990108849804,0.45763651189716287,0.4852190485365413,0.47243990108849804,0.45763651189716287,0.4852190485365413,0.0,0.0,0.0,0.0,0.0,0.0,-0.0005240553169024405,-0.009025539876398647,0.008075721101320769,0.021656853149724646,0.016820959959608337,0.02689087241965775
US-101,mlp_penalty,all,30,30,all,0.2826777865286398,0.2718862040358939,0.29547882892809074,0.5942627104509063,0.5651770937724409,0.6275114906404328,0.1010678774714096,0.09397242970255026,0.10808783018238584,0.33493753594376774,0.33135082786240444,0.3384121048056726,1.2000390849669356,1.1488468381106354,1.248389867743761,0.0078125,0.0078125,0.0078125,0.0120061051378007,0.011589425657711544,0.012504829117826782,1.3305046463410126,1.2479487881810614,1.4083599375167875,-0.7201326226552659,-0.7315804197013387,-0.7068741515920083,0.7201326226552659,0.7068741515920083,0.7315804197013387,0.0,0.0,0.0,0.0,0.0,0.0,0.03291740121414653,-7.862882514856352e-05,0.07313448097893605,0.0760354388706241,0.05179010374674952,0.10427671398467887
US-101,gru_penalty,all,30,30,all,0.34364781417292545,0.3260288006999035,0.3587697721238014,0.6467217103664269,0.6250381033524974,0.6711057825387737,0.1909606368045559,0.18412080928937893,0.19759209914151626,0.3867316773437058,0.38377625811345356,0.3897733850248199,1.1432067116288034,1.0935402286146958,1.2003579176198504,0.0078125,0.0078125,0.0078125,0.012763374810237212,0.012601476546454955,0.012923683512299158,1.2626078883878589,1.1941495271489786,1.3350653103495274,-0.6601876799248422,-0.6767570769838547,-0.645674107868578,0.6601876799248422,0.645674107868578,0.6767570769838547,0.0,0.0,0.0,0.0,0.0,0.0,0.0989973296980283,0.08522144241911754,0.1119683842654648,0.0989973296980283,0.08522144241911754,0.1119683842654648
US-101,lstm_penalty,all,30,30,all,0.6856813028835502,0.6619517709126382,0.708805543788572,0.16543988868734819,0.13293556729778386,0.20368031770853798,0.12183279145164434,0.10301537289380239,0.14284954303550848,0.49315468827993275,0.4818955366877478,0.5041536763328814,0.7249714290010469,0.6998029301822686,0.7532115367132212,0.0078125,0.0078125,0.0078125,0.014368363474409966,0.013667940007132243,0.015071580371738702,1.1724844937189416,1.115785601688313,1.2311883605863334,-0.32165777701962045,-0.3464425197701867,-0.29854126652293117,0.32165777701962045,0.29854126652293117,0.3464425197701867,0.0,0.0,0.0,0.0,0.0,0.0,0.23539288013214058,0.17042334898348882,0.2994328790028452,0.23539288013214058,0.17042334898348882,0.2994328790028452
US-101,residual_idm_certified_het,all,30,30,all,0.7959487529101359,0.7638720743292108,0.8289463791571214,0.5357637999400872,0.5175378865332583,0.5559925159904258,0.20196053125849256,0.18728158476930476,0.2162581461082599,0.4047768779872183,0.3975944193031784,0.41276997852356134,0.5181933083499551,0.48977963670243757,0.5487874764721998,0.0078125,0.0078125,0.0078125,0.012032587007013356,0.011533627745571411,0.012574673046225317,1.1870205011293768,1.118612877917941,1.249868104630703,-0.2129880054364561,-0.2432740994250265,-0.18251547287455452,0.2129880054364561,0.18251547287455452,0.2432740994250265,0.0,0.0,0.0,0.0,0.0,0.0,0.03457632971482907,-0.0037942985948192466,0.07564821168653883,0.09642029411908412,0.07163369287161321,0.12531894213501493
US-101,residual_idm_certified_r0.1,all,30,30,all,1.3960710353218775,1.3878483905569112,1.4032124025288875,0.31590051084163956,0.3068203618141148,0.32615694572772835,0.4968218846524316,0.4840628129271577,0.510162708608154,0.8021875760481748,0.7797886816162733,0.827130403839062,0.5744878325212485,0.5591800173923354,0.5910724672918665,0.0078125,0.0078125,0.0078125,0.012458085356351869,0.012275322222132477,0.01263712094670266,1.5647927464702183,1.5148779367415168,1.6166437102284044,0.3815234598046299,0.3689466531207103,0.3932972352292728,0.3815234598046299,0.3689466531207103,0.3932972352292728,0.0,0.0,0.0,0.0,0.0,0.0,0.07258869982081209,0.05784656652640284,0.08736417420472169,0.07393701715556525,0.06049283906884892,0.08748147347152285
US-101,residual_idm_certified_r0.2,all,30,30,all,1.4598627254773928,1.4497911116824846,1.4686622711418154,0.31422914462370866,0.3052297216657227,0.3244701502810023,0.5056133041697372,0.49659775067569273,0.5153337087845178,0.7622338482372121,0.7442220804553075,0.7822632064103758,0.5227899432357417,0.5073034833633815,0.5397321019539825,0.0078125,0.0078125,0.0078125,0.012047788736617819,0.011927866692789689,0.012165579829149547,1.5698649523508361,1.5178295630154675,1.61824974840665,0.4444032638958799,0.4332117977903752,0.45480915601180777,0.4444032638958799,0.4332117977903752,0.45480915601180777,0.0,0.0,0.0,0.0,0.0,0.0,0.03726743920000327,0.02940072849334781,0.04461206141632298,0.03859923109815157,0.03180265843982852,0.04524764420320019
US-101,residual_idm_certified_r0.5,all,30,30,all,1.5004257560416387,1.4845082895909278,1.5148675858184608,0.33047445154191196,0.3235211002897644,0.3384235632614111,0.4928874446616571,0.4898795447480398,0.4962163749524911,0.626563685494572,0.6181165863377064,0.6358104398542149,0.41827413617650727,0.40929422507006036,0.4280672321119132,0.0078125,0.0078125,0.0078125,0.010868637390820371,0.0107114978255666,0.011047272603056399,1.676131494893966,1.6014264000630956,1.7455223244001914,0.48449219562165524,0.4689560313166404,0.5000084589017317,0.48449219562165524,0.4689560313166404,0.5000084589017317,0.0,0.0,0.0,0.0,0.0,0.0,-0.06453880618998492,-0.07440828858662417,-0.05335790233203823,0.06453880618998492,0.05335790233203823,0.07440828858662417
US-101,residual_idm_free_r0.3,all,30,30,all,0.5250832154409506,0.510947904506816,0.5375944204110112,0.5787114499273552,0.5644717325111563,0.5950331529313915,0.27734504723038955,0.2665469645933896,0.288631990669683,0.311536556644562,0.3056964550279491,0.3175954129480749,0.5943809433168243,0.5860128276259746,0.6026226390417021,0.0078125,0.0078125,0.0078125,0.011016379592543668,0.010779564155074275,0.01124778178018743,1.4876343232510887,1.4369930997815852,1.5388548101168793,-0.48063706355791513,-0.4937941109562186,-0.4690312137737037,0.48063706355791513,0.4690312137737037,0.4937941109562186,0.0,0.0,0.0,0.0,0.0,0.0,-0.05178925873845502,-0.06992338069122424,-0.03426179799174414,0.05647395043085303,0.04111593763588382,0.0726607803444334
US-101,idm_core_margin,all,30,30,all,1.3755668600339879,1.3677662425705144,1.38348660502844,0.31738970356957863,0.30744117195855214,0.3284421254122084,0.4953415179392177,0.4814227808637854,0.5092341703434379,0.8553453713213172,0.831084785349033,0.8821930394372908,0.6220365138082032,0.604077841134207,0.642461915287975,0.0078125,0.0078125,0.0078125,0.012551822339498944,0.012348528071662581,0.012756343168131363,1.6037500135700005,1.554686090690249,1.6546648921551455,0.3611531472459322,0.34961945422367946,0.37252242563764765,0.3611531472459322,0.34961945422367946,0.37252242563764765,0.0,0.0,0.0,0.0,0.0,0.0,0.08059584266143607,0.06558593552653937,0.09605735815855834,0.08059584266143607,0.06558593552653937,0.09605735815855834
US-101,idm_margin_i80,all,30,30,all,1.120791109485746,1.059550304848486,1.1801398367777378,0.38849468637402407,0.35646348999915567,0.4245637965639951,0.2872829903559017,0.2725535911164752,0.3000271206374482,0.3870521758017654,0.37941061485869876,0.39520734770003385,0.3553843023903537,0.3335191574271335,0.38175283070767335,0.0078125,0.0078125,0.0078125,0.010675054665524096,0.010526471623470313,0.010849484689478753,1.255286261159063,1.2452866037263088,1.2657784942153336,0.10759190620594604,0.04919103825314134,0.1645461817718542,0.17533972610138732,0.1469995092496781,0.20142724452727143,0.0,0.0,0.0,0.0,0.0,0.0,-0.08116880900116193,-0.09055703686118771,-0.07025986402335056,0.08116880900116193,0.07025986402335056,0.09055703686118771
US-101,residual_idm_margin_free_r0.3,all,30,30,all,1.440924631788517,1.4320263096312313,1.4491355011222915,0.31492310401603196,0.30605801766670665,0.3244262185037557,0.49257863919409356,0.4838811299768993,0.5018254081865247,0.6969874399950279,0.6791335180630875,0.7168220818107472,0.48394804782034395,0.47070142256668057,0.49906737146838287,0.0078125,0.0078125,0.0078125,0.011738475490691529,0.011577625493661797,0.011896313109054254,1.5335863926715403,1.4869815588627944,1.5784039653027617,0.42570218147291533,0.4158032641261266,0.4358191993185099,0.42570218147291533,0.4158032641261266,0.4358191993185099,0.0,0.0,0.0,0.0,0.0,0.0,0.010603441844685976,-0.0005387903757556237,0.02305517268464395,0.024452899899986655,0.016353104444359237,0.034098091490815
US-101,ground truth,us101_p0,,,,1.0054534055329416,,,0.48660311194170885,,,0.3511958507443882,,,0.771780188722527,,,0.7675941863396882,,,0.0078125,,,0.011826916851027427,,,1.419858433830053,,,,,,,,,,,,,,,,,,,,
US-101,ground truth,us101_p1,,,,0.9995759009124378,,,0.4196193936400995,,,0.37495370288717617,,,0.7093362579400115,,,0.7096372144351537,,,0.0078125,,,0.011550217722406176,,,1.591812224041946,,,,,,,,,,,,,,,,,,,,
US-101,ground truth,us101_p2,,,,1.0273801193399978,,,0.40706756284490536,,,0.3748344047918986,,,0.7250770436497329,,,0.7057534304980826,,,0.0078125,,,0.011464235179180217,,,1.9089557470477072,,,,,,,,,,,,,,,,,,,,
US-101,ground truth,mean,,,,1.010803141928459,,,0.4377633561422379,,,0.36699465280782095,,,0.7353978301040905,,,0.7276616104243082,,,0.0078125,,,0.01161378991753794,,,1.6402088016399021,,,,,,,,,,,,,,,,,,,,
