architecture,band,quantiles,runs,runs_expected,stable,stable_low,stable_high,unstable,unstable_low,unstable_high,outside,outside_low,outside_high,none,none_low,none_high,indifferent,indifferent_low,indifferent_high,undefined,undefined_low,undefined_high,unstable_eq,unstable_eq_low,unstable_eq_high,unstable_eq_change,unstable_eq_change_low,unstable_eq_change_high,pairs,h1_1_share_rule
mlp,1/99,0.01/0.5/0.99,25,25,0.05818181818181818,0.03454545454545454,0.08727272727272727,0.9400000000000002,0.9109090909090909,0.9636363636363637,0.0018181818181818182,0.0,0.005454545454545454,0.0,0.0,0.0,0.0,0.0,0.0,0.0,0.0,0.0,0.941818181818182,0.9127272727272728,0.9654545454545455,0.0,0.0,0.0,25,met
mlp,5/95,0.05/0.5/0.95,25,25,0.05818181818181818,0.03454545454545454,0.08727272727272727,0.9400000000000002,0.9109090909090909,0.9636363636363637,0.0018181818181818182,0.0,0.005454545454545454,0.0,0.0,0.0,0.0,0.0,0.0,0.0,0.0,0.0,0.941818181818182,0.9127272727272728,0.9654545454545455,0.0,0.0,0.0,25,met
mlp,10/90,0.1/0.5/0.9,25,25,0.05818181818181818,0.03454545454545454,0.08727272727272727,0.9200000000000002,0.890909090909091,0.9454545454545454,0.021818181818181816,0.007272727272727273,0.03636363636363636,0.0,0.0,0.0,0.0,0.0,0.0,0.0,0.0,0.0,0.941818181818182,0.9127272727272728,0.9654545454545455,0.0,0.0,0.0,25,met
pidl,1/99,0.01/0.5/0.99,25,25,0.15636363636363637,0.11636363636363636,0.19459090909090904,0.8436363636363636,0.805409090909091,0.8836363636363638,0.0,0.0,0.0,0.0,0.0,0.0,0.0,0.0,0.0,0.0,0.0,0.0,0.8436363636363636,0.805409090909091,0.8836363636363638,0.0,0.0,0.0,25,met
pidl,5/95,0.05/0.5/0.95,25,25,0.15636363636363637,0.11636363636363636,0.19459090909090904,0.8436363636363636,0.805409090909091,0.8836363636363638,0.0,0.0,0.0,0.0,0.0,0.0,0.0,0.0,0.0,0.0,0.0,0.0,0.8436363636363636,0.805409090909091,0.8836363636363638,0.0,0.0,0.0,25,met
pidl,10/90,0.1/0.5/0.9,25,25,0.15454545454545454,0.11631818181818185,0.1909545454545454,0.8018181818181818,0.7563181818181818,0.8527727272727272,0.04363636363636363,0.023636363636363632,0.06545454545454545,0.0,0.0,0.0,0.0,0.0,0.0,0.0,0.0,0.0,0.8436363636363636,0.805409090909091,0.8836363636363638,0.0,0.0,0.0,25,met
residual_idm,1/99,0.01/0.5/0.99,25,25,0.6890909090909091,0.6581818181818181,0.7181818181818181,0.3109090909090909,0.2818181818181818,0.3418181818181818,0.0,0.0,0.0,0.0,0.0,0.0,0.0,0.0,0.0,0.0,0.0,0.0,0.3109090909090909,0.2818181818181818,0.3418181818181818,0.0,0.0,0.0,25,not met
residual_idm,5/95,0.05/0.5/0.95,25,25,0.6890909090909091,0.6581818181818181,0.7181818181818181,0.3109090909090909,0.2818181818181818,0.3418181818181818,0.0,0.0,0.0,0.0,0.0,0.0,0.0,0.0,0.0,0.0,0.0,0.0,0.3109090909090909,0.2818181818181818,0.3418181818181818,0.0,0.0,0.0,25,not met
residual_idm,10/90,0.1/0.5/0.9,25,25,0.5836363636363636,0.5345454545454545,0.6255,0.27818181818181814,0.24363636363636362,0.31272727272727274,0.13818181818181816,0.09272727272727271,0.19272727272727275,0.0,0.0,0.0,0.0,0.0,0.0,0.0,0.0,0.0,0.3109090909090909,0.2818181818181818,0.3418181818181818,0.0,0.0,0.0,25,not met
gru,1/99,0.01/0.5/0.99,25,25,0.13636363636363635,0.08909090909090908,0.18909090909090906,0.6818181818181818,0.6254545454545455,0.7364090909090909,0.13272727272727272,0.08909090909090908,0.1782272727272727,0.049090909090909095,0.023636363636363636,0.07636363636363637,0.0,0.0,0.0,0.0,0.0,0.0,0.8541127060074429,0.8023132110579481,0.901792716640085,-0.0038181818181818182,-0.009636363636363639,0.0,25,met
gru,5/95,0.05/0.5/0.95,25,25,0.11090909090909092,0.06727272727272728,0.15636363636363637,0.5309090909090909,0.46545454545454545,0.5963636363636363,0.3090909090909091,0.24359090909090908,0.3763636363636364,0.049090909090909095,0.023636363636363636,0.07636363636363637,0.0,0.0,0.0,0.0,0.0,0.0,0.8579308878256247,0.8041468367889422,0.9065212121212122,0.0,0.0,0.0,25,met
gru,10/90,0.1/0.5/0.9,25,25,0.08363636363636363,0.05090909090909092,0.11636363636363635,0.4200000000000001,0.3472727272727273,0.4927272727272727,0.44727272727272727,0.36727272727272725,0.5236363636363637,0.049090909090909095,0.023636363636363636,0.07636363636363637,0.0,0.0,0.0,0.0,0.0,0.0,0.8579308878256247,0.8041468367889422,0.9065212121212122,0.0,0.0,0.0,25,met
lstm,1/99,0.01/0.5/0.99,25,25,0.06,0.034545454545454546,0.08727272727272727,0.5490909090909091,0.46909090909090906,0.6254545454545455,0.2672727272727273,0.21272727272727274,0.3200454545454545,0.12363636363636363,0.06363636363636363,0.18549999999999997,0.0,0.0,0.0,0.0,0.0,0.0,0.9246216521696398,0.8939869437408138,0.9553954963165491,0.0,0.0,0.0,25,met
lstm,5/95,0.05/0.5/0.95,25,25,0.052727272727272734,0.030909090909090907,0.07459090909090904,0.42909090909090913,0.3527272727272727,0.5109545454545454,0.3945454545454546,0.33086363636363636,0.4636363636363636,0.12363636363636363,0.06363636363636363,0.18549999999999997,0.0,0.0,0.0,0.0,0.0,0.0,0.9246216521696398,0.8939869437408138,0.9553954963165491,0.0,0.0,0.0,25,met
lstm,10/90,0.1/0.5/0.9,25,25,0.049090909090909095,0.027272727272727275,0.0709090909090909,0.3745454545454545,0.3018181818181819,0.449090909090909,0.45272727272727276,0.3945454545454546,0.5181818181818181,0.12363636363636363,0.06363636363636363,0.18549999999999997,0.0,0.0,0.0,0.0,0.0,0.0,0.9246216521696398,0.8939869437408138,0.9553954963165491,0.0,0.0,0.0,25,met
perl,1/99,0.01/0.5/0.99,25,25,0.02727272727272727,0.010909090909090908,0.04545454545454545,0.8145454545454546,0.7581818181818183,0.869090909090909,0.13999999999999999,0.09454545454545454,0.18727272727272726,0.018181818181818184,0.005454545454545454,0.034545454545454546,0.0,0.0,0.0,0.0,0.0,0.0,0.9561904761904763,0.9233571428571429,0.9852835497835499,0.0018181818181818167,0.0,0.00545454545454545,25,met
perl,5/95,0.05/0.5/0.95,25,25,0.025454545454545455,0.012727272727272728,0.04,0.66,0.585409090909091,0.7381818181818182,0.2963636363636364,0.22,0.37277272727272726,0.018181818181818184,0.005454545454545454,0.034545454545454546,0.0,0.0,0.0,0.0,0.0,0.0,0.9543722943722943,0.922077922077922,0.9835497835497836,0.0,0.0,0.0,25,met
perl,10/90,0.1/0.5/0.9,25,25,0.023636363636363636,0.010909090909090908,0.03636363636363637,0.5218181818181818,0.44536363636363635,0.6018636363636363,0.4363636363636364,0.35454545454545455,0.5182272727272726,0.018181818181818184,0.005454545454545454,0.034545454545454546,0.0,0.0,0.0,0.0,0.0,0.0,0.9543722943722943,0.9220541125541125,0.9835519480519481,0.0,-0.00545454545454545,0.00545454545454545,25,met
