data,v,samples,band,s_low,s_median,s_high,relative_width,drivers,driver_std,driver_std_relative
follownet_highd,5.0,3090,True,4.759,9.9125,21.773249999999997,1.7164438839848672,62,5.437000064394404,0.5484993759792589
follownet_highd,6.0,4568,True,5.420000000000002,11.46,23.049999999999997,1.5383944153577656,78,6.413084049333015,0.559605937987174
follownet_highd,7.0,5589,True,6.113999999999999,12.38,33.22899999999999,2.1902261712439413,114,8.830934440010315,0.7133226526664228
follownet_highd,8.0,4973,True,6.622999999999999,13.939999999999998,27.357,1.4873744619799143,92,6.508120863487688,0.4668666329618142
follownet_highd,9.0,5737,True,7.456999999999996,15.870000000000005,39.204,2.0004410838059226,111,9.368332810092916,0.5903171272900386
follownet_highd,10.0,7342,True,8.370000000000005,17.665,35.624249999999996,1.542838947070478,133,9.475156301106287,0.5363802038554366
follownet_highd,11.0,8777,True,8.539999999999992,17.380000000000003,40.84,1.8584579976985045,168,11.555535929416891,0.6648754850067256
follownet_highd,12.0,9185,True,8.565999999999997,18.939999999999998,43.64,1.8518479408658928,173,11.48385005853324,0.6063278805983761
follownet_highd,13.0,7662,True,9.405750000000001,21.525000000000006,45.318499999999986,1.6684204413472696,151,11.692215116502688,0.5431923399072095
follownet_highd,14.0,8250,True,9.2245,21.9125,53.092749999999995,2.001973759269823,169,14.153408682172591,0.645905701411185
follownet_highd,15.0,8392,True,9.972749999999996,21.7925,51.42474999999987,1.9021222897785877,170,13.138330245459226,0.6028831132481003
follownet_highd,16.0,7935,True,10.200000000000003,22.11500000000001,49.775000000000006,1.7895093827718738,141,13.4056801306413,0.606180426436414
follownet_highd,17.0,8260,True,10.24,22.22,47.260999999999974,1.666111611161115,152,11.761080372766363,0.5293015469291793
follownet_highd,18.0,14580,True,11.639999999999986,26.189999999999998,77.24525,2.504973272241314,259,19.363637219169764,0.739352318410453
follownet_highd,19.0,16349,True,11.68,26.310000000000002,63.153,1.9564044089699733,302,17.404172940983557,0.6615041026599603
follownet_highd,20.0,25911,True,12.5,28.739999999999995,62.557500000000005,1.741736256089075,483,16.14077803989024,0.5616137105041838
follownet_highd,21.0,51293,True,12.939999999999998,29.795000000000016,61.20499999999999,1.6199026682329238,876,15.26693685635069,0.5123992903624998
follownet_highd,22.0,115163,True,13.485000000000001,30.689999999999998,58.06999999999999,1.452753339850114,1883,13.910230663673058,0.45324961432626454
follownet_highd,23.0,175314,True,13.629999999999995,29.50999999999999,52.2,1.3070145713317527,2782,11.890134498991701,0.40291882409324653
follownet_highd,24.0,150589,True,12.370000000000005,25.625,43.48,1.2140487804878046,2554,9.838453548079613,0.3839396506567654
follownet_highd,25.0,83881,True,10.905000000000001,21.644999999999982,37.129999999999995,1.2115962115962124,1470,8.301150771378609,0.3835135491512412
follownet_highd,26.0,22046,True,10.180000000000007,17.99000000000001,31.129999999999995,1.1645358532518053,420,6.162082062273342,0.34252818578506605
follownet_highd,27.0,3137,True,10.758,17.765,30.855999999999998,1.1313256403039684,59,5.913651306781611,0.33288214504821906
follownet_highd,28.0,287,True,9.063,21.14,33.0835,1.1362582781456954,4,4.614343748483272,0.21827548479107245
follownet_highd,29.0,356,True,9.23,20.605000000000004,45.39875,1.7553385100703711,4,9.878587955775865,0.47942673893597976
follownet_highd,30.0,121,False,,,,,2,5.731100461516975,
ngsim_i80,5.0,77496,True,3.5810305855907227,8.63015077401613,17.23268653694069,1.5818560195324407,1404,4.35305076266875,0.5044003142766662
ngsim_i80,6.0,89785,True,4.552524259257893,10.005900359141094,19.889579065684725,1.532801072960451,1635,4.947082711141292,0.4944165475945184
ngsim_i80,7.0,35518,True,5.007536274057883,11.32318800821168,23.202383524971527,1.60686612619331,552,5.745201275811304,0.5073837219381001
ngsim_i80,8.0,55459,True,5.6899250984165946,12.389320273748353,25.913956898302327,1.632376220246586,1035,6.038490448858236,0.48739481387474926
ngsim_i80,9.0,42397,True,6.633055945975957,13.679863842950539,28.886187173429164,1.6267070698163868,789,7.063720951692528,0.5163590100593421
ngsim_i80,10.0,11187,True,6.97888410742585,15.093072440091532,31.67413720517329,1.6361978779184654,115,6.6212664472444205,0.438695731006792
ngsim_i80,11.0,15091,True,7.9773029307406205,16.124959338317183,35.41231447600205,1.7014003551666987,243,8.316085377688179,0.5157275254596737
ngsim_i80,12.0,10327,True,9.103171173263945,18.80497355704935,37.619697487326356,1.5164353317249162,161,8.388349085688988,0.44607077272621204
ngsim_i80,13.0,2823,True,8.789854048391401,20.898642586879987,38.96809580782547,1.4440287991900367,19,7.248050419644435,0.34681919600819944
ngsim_i80,14.0,4067,True,10.243846648190576,22.505264391691185,44.8861749557992,1.5392988815718323,45,8.16186563738832,0.36266473014205663
ngsim_i80,15.0,3183,True,11.537563108892039,23.57957449084975,56.334271660441956,1.8998098786275237,30,10.428301477073292,0.4422599517697014
ngsim_i80,16.0,1640,True,11.796793137924713,24.983795204307313,59.678268272261406,1.916501265831771,11,7.589623066387908,0.303781831556137
ngsim_i80,17.0,2040,True,12.141746436042673,27.581902150608983,64.11958937972763,1.8844908759324757,23,13.622623003482373,0.493897155065558
ngsim_i80,18.0,1017,True,13.795322861481122,28.99356078635043,68.40033103964869,1.8833494988954402,7,17.31142906307143,0.5970784061549727
ngsim_i80,19.0,418,True,15.958558762227288,31.741355899466868,53.96491302130824,1.1973765197509825,3,2.658602646535357,0.08375832005903727
ngsim_i80,20.0,426,True,18.052722721239128,32.2587687739817,69.72485943794399,1.6018012677030937,5,20.99758045234212,0.6509107833426585
ngsim_i80,21.0,282,True,16.498132283644185,30.44159985809256,79.196373162382,2.0596237113362554,3,8.13210366976647,0.26713785437280957
ngsim_i80,22.0,152,False,,,,,0,,
ngsim_i80,23.0,153,False,,,,,0,,
ngsim_i80,24.0,75,False,,,,,0,,
ngsim_i80,25.0,8,False,,,,,0,,
ngsim_i80,26.0,3,False,,,,,0,,
ngsim_i80,27.0,0,False,,,,,0,,
ngsim_i80,28.0,0,False,,,,,0,,
ngsim_i80,29.0,0,False,,,,,0,,
ngsim_i80,30.0,0,False,,,,,0,,
