r_max,stage,bound,experiment,data,runs,speeds,certified_median,audited_median,slack_median,slack_q10,slack_min,negative,negative_share
0.1,before,a priori,e4_stable_r0.1,follownet_highd,25,650,0.0812481140681379,0.19802209285676825,0.1134462137167182,0.09136681164207282,0.07733183491480286,0,0.0
0.1,before,at the equilibria,e4_stable_r0.1,follownet_highd,25,583,0.1020957129969654,0.19741687489885468,0.09141811706028646,0.08039125400359483,0.0729694140033759,0,0.0
0.1,after,a priori,e4_stable_ft_r0.1,ngsim_i80,25,650,0.08124814837067018,0.1862943907288731,0.10108920676373287,0.0811448987812269,0.07226049876809694,0,0.0
0.1,after,at the equilibria,e4_stable_ft_r0.1,ngsim_i80,25,650,0.08131757268083029,0.1862943907288731,0.10101264629696169,0.08114320090276757,0.0722600661797867,0,0.0
0.2,before,a priori,e4_stable_r0.2,follownet_highd,25,650,0.07924741529598194,0.18494037814382291,0.10329246080374017,0.07863338232963767,0.0643338021960734,0,0.0
0.2,before,at the equilibria,e4_stable_r0.2,follownet_highd,25,570,0.10398393358694807,0.18464840444648573,0.07735440391423787,0.0672837055016055,0.055528963149878124,0,0.0
0.2,after,a priori,e4_stable_ft_r0.2,ngsim_i80,25,650,0.07924658810421432,0.1537633262056283,0.07531614661555414,0.059346969587145276,0.05234935773071722,0,0.0
0.2,after,at the equilibria,e4_stable_ft_r0.2,ngsim_i80,25,650,0.079962020896191,0.1537633262056283,0.07460520851986033,0.05910979381146004,0.05219394364009511,0,0.0
0.3,before,a priori,e4_stable,follownet_highd,25,650,0.07643472286944868,0.14777539668742104,0.07283873250128149,0.05631529855652148,0.046494414096921385,0,0.0
0.3,before,at the equilibria,e4_stable,follownet_highd,25,570,0.09172374927052049,0.14719713337562176,0.05389936014225724,0.04630874658674756,0.03728514367112899,0,0.0
0.3,after,a priori,e4_stable_ft,ngsim_i80,25,650,0.07643199382638194,0.12384692172165376,0.04994678578892153,0.03971610847194104,0.03464405474506556,0,0.0
0.3,after,at the equilibria,e4_stable_ft,ngsim_i80,25,650,0.07643203948432019,0.12384692172165376,0.04994674850124148,0.0397160703686385,0.03464401212073692,0,0.0
0.5,before,a priori,e4_stable_r0.5,follownet_highd,25,650,0.06598089451105925,0.11575487304518635,0.049916883339957044,0.04060559473564058,0.03513812878186613,0,0.0
0.5,before,at the equilibria,e4_stable_r0.5,follownet_highd,25,545,0.0982949537707622,0.11210540072468356,0.013935654242372086,0.011627785294894433,0.008740475901941921,0,0.0
0.5,after,a priori,e4_stable_ft_r0.5,ngsim_i80,25,650,0.06598103269743238,0.08772588513707635,0.021561026315312995,0.018054323980698603,0.016129945415363348,0,0.0
0.5,after,at the equilibria,e4_stable_ft_r0.5,ngsim_i80,25,650,0.07460766124091606,0.08772588513707635,0.012874385879281545,0.009849443488311769,0.008059495392506402,0,0.0
