corridor,law,unstable_eq,macro_error,macro_error_dynamic
I-80,idm_global,0.0,0.182341936515302,0.34492950380662024
I-80,idm_heterogeneous,0.09167505030181086,0.30248912172419457,0.5202162187154292
I-80,knn,0.9241758241758242,0.49025850232999846,0.5079980549760763
I-80,mlp,0.9571428571428571,0.3078857813018567,0.48528723115512434
I-80,pidl,0.9076923076923077,0.2736333682358162,0.38655723171167894
I-80,gru,0.7153846153846154,0.19206345450079815,0.3124451919290523
I-80,lstm,0.7329670329670329,0.7155056307623168,0.6565047776081442
I-80,perl,0.9395604395604396,0.4306684037685713,0.6518097256221564
I-80,residual_idm,0.02967032967032967,0.15760440410102447,0.26773743679794737
I-80,residual_idm_certified,0.0,0.12479466099382482,0.18959850142857312
I-80,mlp_penalty,0.0,0.2726689929130315,0.42314975589376946
I-80,gru_penalty,0.3593406593406593,0.23467608126417563,0.3626531328003018
I-80,lstm_penalty,0.4989010989010989,0.7343595619515916,0.6840404977191293
I-80,idm_heterogeneous_all,0.16467501913848795,0.3362017653393336,0.5732996239722302
I-80,residual_idm_certified_het,0.0,0.20031263948581882,0.36832836586398077
I-80,residual_idm_certified_r0.1,0.0,0.19658784827451042,0.3012756765559524
I-80,residual_idm_certified_r0.2,0.0,0.180856336356967,0.27727748800882973
I-80,residual_idm_certified_r0.5,0.0,0.10838764581175307,0.1640291544445268
I-80,residual_idm_free_r0.3,0.07472527472527472,0.209161930652471,0.35575910112109244
US-101,idm_global,0.0,0.13316184915602408,0.22863187493977177
US-101,idm_heterogeneous,0.09167505030181086,0.12527732552059387,0.1962247094039282
US-101,knn,0.9241758241758242,0.6277842876398816,0.5831514908085732
US-101,mlp,0.9571428571428571,0.4276164645225918,0.6513897678489794
US-101,pidl,0.9076923076923077,0.41171977106328933,0.5261663520954687
US-101,gru,0.7153846153846154,0.4206806505426503,0.5166253461727046
US-101,lstm,0.7329670329670329,0.8879403690411637,0.8374087808506179
US-101,perl,0.9395604395604396,0.6614266607910244,0.6853138330314362
US-101,residual_idm,0.02967032967032967,0.1557957079247479,0.25551143470167875
US-101,residual_idm_certified,0.0,0.11287564813101743,0.12214045519409998
US-101,mlp_penalty,0.0,0.3796663600415682,0.5175755076422637
US-101,gru_penalty,0.3593406593406593,0.34672233484924314,0.457558964028018
US-101,lstm_penalty,0.4989010989010989,0.8856987975209363,0.7864217649627725
US-101,residual_idm_certified_het,0.0,0.17367056764092267,0.26551373819353674
US-101,residual_idm_certified_r0.1,0.0,0.1771459085873484,0.22815969809524878
US-101,residual_idm_certified_r0.2,0.0,0.14718590551918098,0.18357425745034928
US-101,residual_idm_certified_r0.5,0.0,0.10438249973402237,0.1361263149065032
US-101,residual_idm_free_r0.3,0.07472527472527472,0.19418692618493863,0.31222856615248956
