architecture,arm,experiment,runs,runs_expected,rmse_s,rmse_s_low,rmse_s_high,drivers,collision_rate,audited,stable,outside,none,unstable,unstable_low,unstable_high,not_stable,not_stable_low,not_stable_high,unstable_sign,unstable_eq,unstable_eq_low,unstable_eq_high,unstable_eq_sign,unstable_eq_sign_low,unstable_eq_sign_high,max_gain_median,max_gain,collided,profiles,complete,rmse_change,rmse_change_low,rmse_change_high,rmse_change_p,rmse_change_pairs
mlp,E1,e1,1,1,2.8411192073048803,2.738341579555087,2.932856478766976,2503,0.0007990411506192569,1,0.09090909090909091,0.0,0.0,0.9090909090909091,0.9090909090909091,0.9090909090909091,0.9090909090909091,0.9090909090909091,0.9090909090909091,1.0,0.9090909090909091,0.9090909090909091,0.9090909090909091,1.0,1.0,1.0,1.2018205972122709,1.2018205972122709,1,5,True,,,,,
mlp,"E2 (jacobian, weight 1)",e2_jacobian_w1,1,1,2.76854656765902,2.6704533111932123,2.8634404007201817,2503,0.003995205753096284,1,1.0,0.0,0.0,0.0,0.0,0.0,0.0,0.0,0.0,0.0,0.0,0.0,0.0,0.0,0.0,0.0,0.9951998589396304,0.9951998589396304,2,5,True,-0.02554367991996498,-0.03611836032705152,-0.015363987676930363,6.578254589858687e-09,2503.0
mlp,monotone (D117),e2_monotone_w1,1,1,2.9063917115089586,2.799092205272987,3.0031693456882382,2503,0.003595685177786656,1,0.0,0.0,0.0,1.0,1.0,1.0,1.0,1.0,1.0,1.0,1.0,1.0,1.0,1.0,1.0,1.0,1.1521433724745143,1.1521433724745143,2,5,True,0.022974222284040113,0.015880066858743894,0.030136978975490194,1.4894554182297435e-08,2503.0
pidl,E1,e1,1,1,2.826842502086962,2.725993251093952,2.9227255310959257,2503,0.00039952057530962844,1,0.13636363636363635,0.0,0.0,0.8636363636363636,0.8636363636363636,0.8636363636363636,0.8636363636363636,0.8636363636363636,0.8636363636363636,0.9545454545454546,0.8636363636363636,0.8636363636363636,0.8636363636363636,0.9545454545454546,0.9545454545454546,0.9545454545454546,1.200882018596561,1.200882018596561,0,5,True,,,,,
pidl,"E2 (jacobian, weight 10)",e2_jacobian_w10,1,1,2.8011942275264383,2.7018273307989107,2.8955981574718934,2503,0.0,1,1.0,0.0,0.0,0.0,0.0,0.0,0.0,0.0,0.0,0.0,0.0,0.0,0.0,0.0,0.0,0.0,0.996027647796539,0.996027647796539,0,5,True,-0.009073117636227757,-0.021874265818720578,0.0028148696139515903,0.2115546744806499,2503.0
pidl,monotone (D117),e2_monotone_w1,1,1,2.8573893704326974,2.7559942974432516,2.954258038532145,2503,0.00039952057530962844,1,0.045454545454545456,0.0,0.0,0.9545454545454546,0.9545454545454546,0.9545454545454546,0.9545454545454546,0.9545454545454546,0.9545454545454546,1.0,0.9545454545454546,0.9545454545454546,0.9545454545454546,1.0,1.0,1.0,1.3799701180535178,1.3799701180535178,1,5,True,0.010806002924883096,0.002867284728882231,0.018937667853468593,0.004078501151313245,2503.0
residual_idm,E1,e1,1,1,2.714676614320914,2.6234279969556438,2.8035253010286874,2503,0.0,1,0.7272727272727273,0.0,0.0,0.2727272727272727,0.2727272727272727,0.2727272727272727,0.2727272727272727,0.2727272727272727,0.2727272727272727,0.9545454545454546,0.2727272727272727,0.2727272727272727,0.2727272727272727,0.9545454545454546,0.9545454545454546,0.9545454545454546,1.0396513346919287,1.0396513346919287,0,5,True,,,,,
residual_idm,"E2 (jacobian, weight 0.1)",e2_jacobian_w0.1,1,1,2.7680520435874816,2.679514138722927,2.856004098145856,2503,0.0,1,1.0,0.0,0.0,0.0,0.0,0.0,0.0,0.0,0.0,0.8181818181818182,0.0,0.0,0.0,0.8181818181818182,0.8181818181818182,0.8181818181818182,1.0093957809199752,1.0093957809199752,0,5,True,0.019661800225114323,0.00803589670506499,0.03153167804933018,1.1533932823686622e-07,2503.0
residual_idm,monotone (D117),e2_monotone_w1,1,1,2.783674438423364,2.6928819381481963,2.872248735897246,2503,0.0,1,0.5,0.0,0.0,0.5,0.5,0.5,0.5,0.5,0.5,0.9545454545454546,0.5,0.5,0.5,0.9545454545454546,0.9545454545454546,0.9545454545454546,1.0477118873578408,1.0477118873578408,0,5,True,0.02541659059442325,0.016385073035176213,0.03544711521654159,6.277889810612264e-11,2503.0
