corridor,component,header,kind,in_triple,pairs,abs_error_reference,abs_error_candidate,difference,difference_low,difference_high,relative,relative_low,relative_high,wilcoxon_p,wilcoxon_p_holm,outcome
I-80,throughput,throughput,anchored,True,30,0.019401824444192327,0.02911473730998271,0.009712912865790374,0.00628181442888109,0.013127028493716735,0.5006185317122489,0.4473378769893727,0.5945846785967694,2.8733923396889433e-06,2.0113746377822603e-05,larger error
I-80,travel_time,travel time (W1),anchored,True,30,0.07242436655762761,0.07983060043512723,0.007406233877499629,0.004513546823453131,0.010469413580131126,0.10226163140283062,0.06091061579816808,0.14761608005842825,0.00011058151721954346,0.00033174455165863037,larger error
I-80,wave_speed,wave speed (xcorr),dynamic,True,30,0.23274440956593154,0.10025834240540767,-0.13248606716052386,-0.17511585710267738,-0.08560858634230266,-0.569234154356749,-0.663370827223174,-0.43283021937927935,4.4075772166252136e-05,0.00017630308866500854,smaller error
I-80,mean_speed,mean speed,anchored,False,30,0.0328605955845574,0.04980247395881572,0.016941878374258316,0.013122016737685038,0.021322255518077586,0.5155682078452659,0.39154654762152513,0.6540792555647046,1.862645149230957e-09,1.4901161193847656e-08,larger error
I-80,queue_discharge_flow,queue discharge,anchored,False,30,0.02635555357311056,0.0812154705323802,0.05485991695926964,0.040049255887616465,0.06780839363307496,2.0815315757678055,1.375026178406824,2.9062259295937944,1.6377579994825712e-05,8.188789997412856e-05,larger error
I-80,fd,FD,dynamic,False,30,0.10634753765066371,0.11307530297052124,0.006727765319857532,8.17537725659499e-05,0.012948378955427494,0.06326206951737112,0.0007547457129707124,0.12443473305805593,0.0635564886033535,0.127112977206707,larger error
I-80,n_waves,waves,dynamic,False,30,0.7355555555555555,0.29333333333333333,-0.44222222222222207,-0.5311666666666666,-0.34888888888888897,-0.6012084592145015,-0.6809147509578545,-0.5061804853387261,4.959434745166182e-06,2.9756608470997096e-05,smaller error
I-80,wave_amplitude,wave amplitude,dynamic,False,20,0.24992573102411822,0.32188585802158043,0.07196012699746218,-0.03552226663428805,0.21742590902942616,0.2879260438794833,-0.1467484350845153,0.9443657194756152,0.5705966949462891,0.5705966949462891,no difference
I-80,macro_error,macro error,summary,False,30,0.182341936515302,0.12479466099382482,-0.05754727552147718,-0.07488787927153928,-0.036179011394686406,-0.31560087943152815,-0.40648634686080215,-0.19846657979336904,9.220093488693237e-06,,smaller error
I-80,macro_error_dynamic,macro error (dynamic),summary,False,30,0.34492950380662024,0.18959850142857312,-0.1553310023780471,-0.1955764883810529,-0.10922658294446956,-0.45032680783703327,-0.5474564242216505,-0.32519582363194294,3.2391399145126343e-06,,smaller error
US-101,throughput,throughput,anchored,True,30,0.013744948858568041,0.01267728353536754,-0.0010676653232005021,-0.002696441986089921,0.0006462980820605599,-0.07767692220513156,-0.18185286842547455,0.04878305813637696,0.20116064332002814,0.20116064332002814,no difference
US-101,travel_time,travel time (W1),anchored,True,30,0.06610506190345157,0.12396943049335024,0.05786436858989866,0.051336372068119335,0.06541472086563835,0.8753394509245196,0.8021982536919559,0.9484188410508839,1.862645149230957e-09,1.4901161193847656e-08,larger error
US-101,wave_speed,wave speed (xcorr),dynamic,True,30,0.44586806371736737,0.09172015599330742,-0.35414790772405996,-0.5859064452688495,-0.20316059815611162,-0.7942885722098989,-0.8675353302416422,-0.6955423704870265,1.30385160446167e-08,7.82310962677002e-08,smaller error
US-101,mean_speed,mean speed,anchored,False,30,0.05434086994516621,0.1338680071633233,0.07952713721815709,0.07337212772766137,0.08690543009566858,1.463486640872802,1.30880448204721,1.6578237372677147,1.862645149230957e-09,1.4901161193847656e-08,larger error
US-101,queue_discharge_flow,queue discharge,anchored,False,20,0.015933936903641095,0.16220324768896535,0.14626931078532426,0.12191600087056939,0.1707123256244727,9.17973452950601,7.341143481183917,12.440141501113347,1.9073486328125e-06,9.5367431640625e-06,larger error
US-101,fd,FD,dynamic,False,30,0.10672551436547596,0.09577375261929841,-0.010951761746177553,-0.019151704268842735,-0.002951659064524263,-0.1026161533283767,-0.16808991381225957,-0.0291696864898262,0.0426517054438591,0.1706068217754364,smaller error
US-101,n_waves,waves,dynamic,False,30,0.2733333333333334,0.18222222222222226,-0.0911111111111111,-0.2111666666666666,-0.0022222222222222235,-0.33333333333333326,-0.5986773134767058,-0.010736396220266979,0.06291414333258602,0.18874242999775806,smaller error
US-101,wave_amplitude,wave amplitude,dynamic,False,30,0.08860058834291049,0.11884568994157187,0.030245101598661377,-0.0019317699196150337,0.06177123312482402,0.341364568388687,-0.01757392759612392,0.8842985566662532,0.06666470877826214,0.18874242999775806,no difference
US-101,macro_error,macro error,summary,False,30,0.13316184915602408,0.11287564813101743,-0.020286201025006625,-0.05251019824126038,0.0033161558184103173,-0.15234244007258835,-0.3209393025430181,0.029482212754485575,0.871207794174552,,no difference
US-101,macro_error_dynamic,macro error (dynamic),summary,False,30,0.22863187493977177,0.12214045519409998,-0.1064914197456718,-0.1703486243256594,-0.05892424010672362,-0.46577678538359846,-0.6035648968572539,-0.3136124007922396,9.98377799987793e-07,,smaller error
